interview,qa_index,question,answer,full_text,ds_label,ds_confidence,ds_label_v2,review_priority,tfidf_label
AzizBamak,1,"All right hello everyone, welcome to the fourth episode of the Beyond the Blueprint podcast today we have Mr. Ben Benmick who used to be a project manager and we're going to gain some insights from him so for my first question you began your career as a development engineer in the late 90s what types of projects did you work on and how did these early technical challenges shape your career?","Yeah great, so first of all you know I completed my engineering degree at with an internship at SLB For Schhuumbbaje which specialized in oil services this experience highlighted really the energy sector's significance I always have a lot of interest in geopolitics that made me aware of the role that energy is playing so when I get the chance to join GDT in 1990. I see immediately the opportunity at that time, the company was a small technology company that has a very unique technology that is crucial for a safe transportation of liquefied natural gas by sea. So this is a very asset light business model focused on intellectual property that was what I loved and at that time you know LNG, liquidfin natural gas was a very niche market but I always believe is going to play a bigger role because in order to reduce you the geopolitical tensions that are related to gas pipelines because when you have a gas pipeline, you need to cross several countries. By having LNG carriers at sea you have a virtual pipeline so LNJ is transformed you know from gas to at minus-163 degrees Celsius it's very very cold we call it chilled gas it's a complex process but the good thing about that is that it reduce the volume by 600 times that means that it makes the storage and transportation easier and safer so basically in one single. And typically you are able to fuel power for more than 100000 households. So 10000 house like yours. Only for one with one cargo. this is the energy density of lifi natural gas. So long story shot, I'm giving you this context. This is what really attract me. So I joined the material department at that time. As a development engineer, I was conducting all kinds of tests to assess the behavior of the materials we we are using in our technology because you know crogeniconic comp is something complicated so basically we would assess the mechanical behavior of the materials we will not use Lng because you have to be in a safe environment, we would use what we call the. Liquid nitrogen, which is liquid at-196 degrees Celsius, so I worked on the response of our technology on the liquid impact, I realized the complexity of performing reputable, I would say test and also I realized that during that period of time, I had to present my test results to many stakeholders outside the company. An internal of a company. So after 18 months, I would say as a development engineer. Ive been offered two job opportunities, and I wish these kind of things will happen to you. and I'm sure it will happen to you as well. Thank you, so one was really focused on engineering. Imagine the engineering vice president came to me and said, I want you to join my engineering department. I would have done continue to do engineering the studies, hydrodynamic studies and so on and so forth, and another job opportunity was a project director and at that time, you know the LNG market was very niche there was barely 110 LNG carriers around the globe. So he said you are going to become my deputy. And at that time, the project director, what he has to do is basically to to be the technical and commercial liaison for the company with our client and the company was based in France. With only international clients at that time, it was Korean clients and Japanese clients. These are big industrial players that build these ships. Under a license with us. Without our technology, they cannot build V LNG carrier because V LNng carrier is built around our proprietary storage technology. I decided to go with a project manager, why, because I thought. By being involved with all the stakeholders, engineering, operational team, Pocurement team and so on. This is how I would learn. You know, the the business and how would learn the importance of everyone in this value chain. And also, I had a mentor who really pitched me very well. You know, the job. he said, I want you. He said, we will, we are going to travel. We are going to to contribute to the transition from coal to L N G. While engineering is what said you are going to do nice studies and so on. So at that time, my col was really for business. And this is how I did from engineering to project management.","Q: All right hello everyone, welcome to the fourth episode of the Beyond the Blueprint podcast today we have Mr. Ben Benmick who used to be a project manager and we're going to gain some insights from him so for my first question you began your career as a development engineer in the late 90s what types of projects did you work on and how did these early technical challenges shape your career?
A: Yeah great, so first of all you know I completed my engineering degree at with an internship at SLB For Schhuumbbaje which specialized in oil services this experience highlighted really the energy sector's significance I always have a lot of interest in geopolitics that made me aware of the role that energy is playing so when I get the chance to join GDT in 1990. I see immediately the opportunity at that time, the company was a small technology company that has a very unique technology that is crucial for a safe transportation of liquefied natural gas by sea. So this is a very asset light business model focused on intellectual property that was what I loved and at that time you know LNG, liquidfin natural gas was a very niche market but I always believe is going to play a bigger role because in order to reduce you the geopolitical tensions that are related to gas pipelines because when you have a gas pipeline, you need to cross several countries. By having LNG carriers at sea you have a virtual pipeline so LNJ is transformed you know from gas to at minus-163 degrees Celsius it's very very cold we call it chilled gas it's a complex process but the good thing about that is that it reduce the volume by 600 times that means that it makes the storage and transportation easier and safer so basically in one single. And typically you are able to fuel power for more than 100000 households. So 10000 house like yours. Only for one with one cargo. this is the energy density of lifi natural gas. So long story shot, I'm giving you this context. This is what really attract me. So I joined the material department at that time. As a development engineer, I was conducting all kinds of tests to assess the behavior of the materials we we are using in our technology because you know crogeniconic comp is something complicated so basically we would assess the mechanical behavior of the materials we will not use Lng because you have to be in a safe environment, we would use what we call the. Liquid nitrogen, which is liquid at-196 degrees Celsius, so I worked on the response of our technology on the liquid impact, I realized the complexity of performing reputable, I would say test and also I realized that during that period of time, I had to present my test results to many stakeholders outside the company. An internal of a company. So after 18 months, I would say as a development engineer. Ive been offered two job opportunities, and I wish these kind of things will happen to you. and I'm sure it will happen to you as well. Thank you, so one was really focused on engineering. Imagine the engineering vice president came to me and said, I want you to join my engineering department. I would have done continue to do engineering the studies, hydrodynamic studies and so on and so forth, and another job opportunity was a project director and at that time, you know the LNG market was very niche there was barely 110 LNG carriers around the globe. So he said you are going to become my deputy. And at that time, the project director, what he has to do is basically to to be the technical and commercial liaison for the company with our client and the company was based in France. With only international clients at that time, it was Korean clients and Japanese clients. These are big industrial players that build these ships. Under a license with us. Without our technology, they cannot build V LNG carrier because V LNng carrier is built around our proprietary storage technology. I decided to go with a project manager, why, because I thought. By being involved with all the stakeholders, engineering, operational team, Pocurement team and so on. This is how I would learn. You know, the the business and how would learn the importance of everyone in this value chain. And also, I had a mentor who really pitched me very well. You know, the job. he said, I want you. He said, we will, we are going to travel. We are going to to contribute to the transition from coal to L N G. While engineering is what said you are going to do nice studies and so on. So at that time, my col was really for business. And this is how I did from engineering to project management.",career_journey,0.95,career_journey,0,career_journey
AzizBamak,2,"Yes, yes see, so I see that your responsibility evolved a lot throughout your experiences. What major technical or leadership lessons did you take with you?","嗯。 Look. You know, when you are project manager. I was basically responsible for all the technical and commercial relationships with our client. As I said before, I was working with all the technical departments. Unsure excellent engineering reports that represent thousands of engineering documentations for every single project. And you get to know very well the technology okay, on the commercial side, you ensure that you support the client and you make sure that the implementation of your technology into a LNng area that is built. Is successful At the end of the day, you know, we are a small portion of a vessel. but since our technology is the core of a vessel. This is very key and very strategic for the shipyard. This shipyard, it takes them at that time, it was taking them 48 months. To from compact signature to deliver of these vessels. And they were. 200 million each. It's a lot of money, and our contribution was keep because without our technology, there is no transportation. So. In the end, after the vessel is delivered. And the guarantee period is finished. The shipard is no more involved. And the property of the vessel is being transferred to the owner for all the rest of a life. And usually, the ship has been designed for more than 40 years. At that time, us as a G TT, we support the owner and the operators of the asset. Okay, and we deal with these owners with these operators that are using ships using our technology and our role is to support them throughout your life. Of the operations in inspections, in maintenance cycles and so on to make sure they get the best of our of our asset. So I realized at that time that ultimately the decision making people are the one who own the asset. And I also realized that the people who are even stronger are the one who own the molecule, the cargo Vi are what we call the chatterers. These are the people who basically are going to say, I have a product. I need the ship to move it from A to B. They ask a shipowner for a contract for 20 years to use to transport that cargo. And when the Shippono will go to a shipyard to buy the vessel. So when you go at the top of the food chain of a cargo owner. I realized that this is where I wanted to play. This is where I wanted to make sure that these guys. In their specification. They specify our technology. So that each time we have to deal with a shipyard, they have no choice but to go with our technology. So really, you know, from a technical field understanding the whole life cycle of a product. I was able to identify that. So very quickly, in 2010, I was promoted as the global head of business development. And basically, shaping the strategy for the group with our ecosystem and making sure that we have a good market share. So when we started in 2000, we have 30% market share. Okay, and for the last 10 years, we have 100% market share. And all of that we've done it to provide an excellent service from an engineering standpoint, but also to make the effort to understand the value chain, so always you know you can focus on one particular detail but you have to make the effort to understand what is the importance and what are the requirements from people that need your technology and by trying to understand what they need, when you are capable basically to evolve from technical leadership. To to, I would say, more responsibilities. I hope that address your your question.","Q: Yes, yes see, so I see that your responsibility evolved a lot throughout your experiences. What major technical or leadership lessons did you take with you?
A: 嗯。 Look. You know, when you are project manager. I was basically responsible for all the technical and commercial relationships with our client. As I said before, I was working with all the technical departments. Unsure excellent engineering reports that represent thousands of engineering documentations for every single project. And you get to know very well the technology okay, on the commercial side, you ensure that you support the client and you make sure that the implementation of your technology into a LNng area that is built. Is successful At the end of the day, you know, we are a small portion of a vessel. but since our technology is the core of a vessel. This is very key and very strategic for the shipyard. This shipyard, it takes them at that time, it was taking them 48 months. To from compact signature to deliver of these vessels. And they were. 200 million each. It's a lot of money, and our contribution was keep because without our technology, there is no transportation. So. In the end, after the vessel is delivered. And the guarantee period is finished. The shipard is no more involved. And the property of the vessel is being transferred to the owner for all the rest of a life. And usually, the ship has been designed for more than 40 years. At that time, us as a G TT, we support the owner and the operators of the asset. Okay, and we deal with these owners with these operators that are using ships using our technology and our role is to support them throughout your life. Of the operations in inspections, in maintenance cycles and so on to make sure they get the best of our of our asset. So I realized at that time that ultimately the decision making people are the one who own the asset. And I also realized that the people who are even stronger are the one who own the molecule, the cargo Vi are what we call the chatterers. These are the people who basically are going to say, I have a product. I need the ship to move it from A to B. They ask a shipowner for a contract for 20 years to use to transport that cargo. And when the Shippono will go to a shipyard to buy the vessel. So when you go at the top of the food chain of a cargo owner. I realized that this is where I wanted to play. This is where I wanted to make sure that these guys. In their specification. They specify our technology. So that each time we have to deal with a shipyard, they have no choice but to go with our technology. So really, you know, from a technical field understanding the whole life cycle of a product. I was able to identify that. So very quickly, in 2010, I was promoted as the global head of business development. And basically, shaping the strategy for the group with our ecosystem and making sure that we have a good market share. So when we started in 2000, we have 30% market share. Okay, and for the last 10 years, we have 100% market share. And all of that we've done it to provide an excellent service from an engineering standpoint, but also to make the effort to understand the value chain, so always you know you can focus on one particular detail but you have to make the effort to understand what is the importance and what are the requirements from people that need your technology and by trying to understand what they need, when you are capable basically to evolve from technical leadership. To to, I would say, more responsibilities. I hope that address your your question.",career_journey,0.95,,2,career_journey
AzizBamak,3,"Yeah, yeah. Thank you. So we know we know how you started in engineering and then business development eventually to general management and that's like you know a very path so how did your engineering background basically help you like do well and thrive in executive roles?","Yeah, so, you know, basically when. if, if the question, you know, at at the end of the day, we are, we are a technology company. Okay so. People, when they untrusted us. Very immediately become a technical discussion. ok, so 诶. Me, I had the opportunity to stay in a project in development and in project management for 12 years. So I could say I knew the product very well. Then I put a lot of effort to understand the ecosystem of the all value chain beyond ourselves, okay, to make sure that we understand the needs of the value chain and when we serve them. So, you know, being curious is key. Understanding the big picture is very important. And whenever you are capable, I would say, to do that. You will have the opportunities to transition from technical. To business and then to general management. And but of course, you know, when you when you go to general management, we are looking at something different from yourself. Okay, so me, for example I have been sent by myself to open a subsidiary in America to run the America's operation so you start from scratch it's not like I arrive in a company that is already established no I have to start to set up the accounting bank to set up the legal framework the human. So framework. And of course, on top of that being the face of a company with a government in United States, with all the stakeholders to ensure that the corporate strategy is well executed in the Americas. So. It's a lot of opportunities, but also a lot of work.","Q: Yeah, yeah. Thank you. So we know we know how you started in engineering and then business development eventually to general management and that's like you know a very path so how did your engineering background basically help you like do well and thrive in executive roles?
A: Yeah, so, you know, basically when. if, if the question, you know, at at the end of the day, we are, we are a technology company. Okay so. People, when they untrusted us. Very immediately become a technical discussion. ok, so 诶. Me, I had the opportunity to stay in a project in development and in project management for 12 years. So I could say I knew the product very well. Then I put a lot of effort to understand the ecosystem of the all value chain beyond ourselves, okay, to make sure that we understand the needs of the value chain and when we serve them. So, you know, being curious is key. Understanding the big picture is very important. And whenever you are capable, I would say, to do that. You will have the opportunities to transition from technical. To business and then to general management. And but of course, you know, when you when you go to general management, we are looking at something different from yourself. Okay, so me, for example I have been sent by myself to open a subsidiary in America to run the America's operation so you start from scratch it's not like I arrive in a company that is already established no I have to start to set up the accounting bank to set up the legal framework the human. So framework. And of course, on top of that being the face of a company with a government in United States, with all the stakeholders to ensure that the corporate strategy is well executed in the Americas. So. It's a lot of opportunities, but also a lot of work.",career_journey,0.95,,2,career_journey
AzizBamak,4,"Okay, thank you. Yeah, so as chief business officer at Ass Moroca, how do you balance commercial growth with technical innovation and sustain sustainability in your ships transport.","Yeah sure, it's a very good question. So you know, a sense Maocca is the digital branch of our group because we do believe, you know that digitalization is going to play a significant role. In a sustainable maritime world, why I'm saying that right now, if you look at the CO2 emissions, shipping transportation contribute for 3% of the total emission. ok. So this industry is rapidly becoming more complex with new technologies to reduce the environmental footprint regulationulation is imposing you to use different type of fuels there are even people now starting to come back to wind assist mechanism. ReReulation and having, I would say, significant operational and commercial impacts on the way shipown conduct their businesses. Basically when we look at a digital company, we are looking at a robust platform that encompass the latest state of V art technology, sensors, AI, expertise, you need expertise in all the maritime disciplines, and you need proximity. In our company we spend a lot of time you know listening to our clients, listening to their needs and trying to ensure that we deliver the maximum performance, the maximum safety and the lower environmental footprint and really when you look at the shipping organization, you have technical, you have operational, you have commercial and you have environmental, Our goal is to be the link between all these stakeholders. To encourage collaboration through a consistent source of data. That are grounded by what we call naval architecture principles, because it's vessels that are going through sea and provide the value to ensure more sustainable, I would say, shipping operations. And this is what we are trying to provide. And you know, when you look at the G TT, our company. Our core business is L N G. But there are 700 L N G carriers worldwide. And there are 300 more being built. So う。 In 2030, there will be maybe 1100. But. The number of trading vessels worldwide is 100010. So. We want to be the digital arm that helps with 110000. Shis. To improve their performance and reduce their environmental footprint. So the size of the market is very huge. So that's why we decided to create a full business lines. And I'm, I have a chance to, to be the ship business of itself, of this business now. 走。 一一屎。","Q: Okay, thank you. Yeah, so as chief business officer at Ass Moroca, how do you balance commercial growth with technical innovation and sustain sustainability in your ships transport.
A: Yeah sure, it's a very good question. So you know, a sense Maocca is the digital branch of our group because we do believe, you know that digitalization is going to play a significant role. In a sustainable maritime world, why I'm saying that right now, if you look at the CO2 emissions, shipping transportation contribute for 3% of the total emission. ok. So this industry is rapidly becoming more complex with new technologies to reduce the environmental footprint regulationulation is imposing you to use different type of fuels there are even people now starting to come back to wind assist mechanism. ReReulation and having, I would say, significant operational and commercial impacts on the way shipown conduct their businesses. Basically when we look at a digital company, we are looking at a robust platform that encompass the latest state of V art technology, sensors, AI, expertise, you need expertise in all the maritime disciplines, and you need proximity. In our company we spend a lot of time you know listening to our clients, listening to their needs and trying to ensure that we deliver the maximum performance, the maximum safety and the lower environmental footprint and really when you look at the shipping organization, you have technical, you have operational, you have commercial and you have environmental, Our goal is to be the link between all these stakeholders. To encourage collaboration through a consistent source of data. That are grounded by what we call naval architecture principles, because it's vessels that are going through sea and provide the value to ensure more sustainable, I would say, shipping operations. And this is what we are trying to provide. And you know, when you look at the G TT, our company. Our core business is L N G. But there are 700 L N G carriers worldwide. And there are 300 more being built. So う。 In 2030, there will be maybe 1100. But. The number of trading vessels worldwide is 100010. So. We want to be the digital arm that helps with 110000. Shis. To improve their performance and reduce their environmental footprint. So the size of the market is very huge. So that's why we decided to create a full business lines. And I'm, I have a chance to, to be the ship business of itself, of this business now. 走。 一一屎。",daily_work,0.85,,2,daily_work
AzizBamak,5,"So I know you just talked about it, but can you maybe go a little more on how your like cross functional teams collaborate effectively to deliver these Mariritime technology projects?","Yeah, you know, this is key. I would say everyone has a key role throughout the life cycle of a project. I would say that commercial people primary job is to be the voice of a client. Okay, they have to make sure that there is a market. We have to provide input for the product specification. They have to involve the engineering teams in advance, in the technical negotiations because at the end of the day. If they don't negotiate very well with the engineers. Then the engineering team is going to struggle with what they negotiate. So it's very important even before the contract is being made to involve engineering teams. The engineering teams, they need to pay attention to the client opinion, but also to the executing the project, according to the contract on time. And on the jet. And for that. We need to keep in mind the constructability, the opability we need to work closely with the commercial people in case of deviations compared to the contract in case of delays so what is key is to implement some regular project status meetings so that the engineering team and the commercial team are capable in fact to review all the items and to act in case there is a need of actions and when it comes to analytics you know. They support the KpiI. They use the operation feedback to feed the design. They have a clear role inver as well. So you have to before the contract. During the execution of a contract to organize platforms where all these peoples meet and make sure they share everyone input and output to deliver the right product at the end.","Q: So I know you just talked about it, but can you maybe go a little more on how your like cross functional teams collaborate effectively to deliver these Mariritime technology projects?
A: Yeah, you know, this is key. I would say everyone has a key role throughout the life cycle of a project. I would say that commercial people primary job is to be the voice of a client. Okay, they have to make sure that there is a market. We have to provide input for the product specification. They have to involve the engineering teams in advance, in the technical negotiations because at the end of the day. If they don't negotiate very well with the engineers. Then the engineering team is going to struggle with what they negotiate. So it's very important even before the contract is being made to involve engineering teams. The engineering teams, they need to pay attention to the client opinion, but also to the executing the project, according to the contract on time. And on the jet. And for that. We need to keep in mind the constructability, the opability we need to work closely with the commercial people in case of deviations compared to the contract in case of delays so what is key is to implement some regular project status meetings so that the engineering team and the commercial team are capable in fact to review all the items and to act in case there is a need of actions and when it comes to analytics you know. They support the KpiI. They use the operation feedback to feed the design. They have a clear role inver as well. So you have to before the contract. During the execution of a contract to organize platforms where all these peoples meet and make sure they share everyone input and output to deliver the right product at the end.",workplace_culture,0.95,workplace_culture,0,workplace_culture
AzizBamak,6,"I see, so having a functional team is very important, especially when you're dealing with liquid natural gas, right, Yeah, Yeah, let's see so. My other question is, what major innovations have you witnessed in maritime engineering or liquid natural gas technologies during your 25 plus years in the industry?","对呀。 So first of all, you know, liquefite natural gas was a niche market When I joined the company, there were 110 ships worldwide transporting liquefied natural gas. I said earlier, we are now around 750. And there are 300 under construction. So it has been, it has developed usually at that time, an L NJ carrier or smaller. Now you have LG I that almost double the size. Okay, and at that time, the engines were consuming a lot of energy. So that means that to carry a certain quantity of gas. You needed more fuel. In a smaller footprint. So the engines and the operating profile has changed significantly over the last 25 years, and us, we have to adapt our technology in order to make sure that the efficiency of our technology match with that you didn't ask me this question, but something that is important is that Lng at atmospheric pressure. Evaporate. You can say this is a wasted, it's like, you know, and when you have your your boiler. After a certain time, if you come back, there is no more water. It's same for L Nng. Here, as we consider technology that limit. The evaporation of the energy. And match the evaporation of the energy with the needs for the propulion. That means that. The natural, the thermal efficiency of a contentment system is adjusted to the speed that you want to reach. So the gas that is going to evaporate will be used for the prop of the vessel. So this is very sophisticated and we adjust the thermal efficiency to meet that demand. So over the last 25 years, engines has reduced as improve our efficiency by a factor of more than 2. So us, we have to improve our technology by a factor more than 2. This is one thing. The other thing is, I said earlier that shipping contributes. To about 3% of CO2 emission. So when you have a company vessel that is carrying goods from China to United States, a very large one before it was burning heavy fuel oil. Heavy fuel oil has a a big. Onve mental footprint. So if you use, for example, liquefied natural gas instead of heavy fuel oil, you reduce the environmental food the CO2 emission by 25%. But to do that, you have to make sure that you have a fuel tank that carry liquefied natural gas. So that means all of a sudden you have to adapt your container of vessel to be able to burn gas and conventional fuel. So we have to adapt over the last 10 years our technology. To make sure that these type of vessels that are not LJ carriers can burn alternative fuel gas to reduce their environmental footprint, these are the major items because now our technology has been adapted to container vessels to build carriers to cools, many coals now are running on gas and no more and heavy fuel because when they stay at key instead of having heavy smoke, You will see just water, because when you burn an L N G, its there is no is clean. There is no odor. So when people have fun on board these cruise vessels, they don't have this smell, You know, of carbon. They don't have this particular that you have in in your car when you, when you drive your car inside the cause. So all of that is to reduce, in fact, the environmental footprint. These are the two major things, but there are many of it.","Q: I see, so having a functional team is very important, especially when you're dealing with liquid natural gas, right, Yeah, Yeah, let's see so. My other question is, what major innovations have you witnessed in maritime engineering or liquid natural gas technologies during your 25 plus years in the industry?
A: 对呀。 So first of all, you know, liquefite natural gas was a niche market When I joined the company, there were 110 ships worldwide transporting liquefied natural gas. I said earlier, we are now around 750. And there are 300 under construction. So it has been, it has developed usually at that time, an L NJ carrier or smaller. Now you have LG I that almost double the size. Okay, and at that time, the engines were consuming a lot of energy. So that means that to carry a certain quantity of gas. You needed more fuel. In a smaller footprint. So the engines and the operating profile has changed significantly over the last 25 years, and us, we have to adapt our technology in order to make sure that the efficiency of our technology match with that you didn't ask me this question, but something that is important is that Lng at atmospheric pressure. Evaporate. You can say this is a wasted, it's like, you know, and when you have your your boiler. After a certain time, if you come back, there is no more water. It's same for L Nng. Here, as we consider technology that limit. The evaporation of the energy. And match the evaporation of the energy with the needs for the propulion. That means that. The natural, the thermal efficiency of a contentment system is adjusted to the speed that you want to reach. So the gas that is going to evaporate will be used for the prop of the vessel. So this is very sophisticated and we adjust the thermal efficiency to meet that demand. So over the last 25 years, engines has reduced as improve our efficiency by a factor of more than 2. So us, we have to improve our technology by a factor more than 2. This is one thing. The other thing is, I said earlier that shipping contributes. To about 3% of CO2 emission. So when you have a company vessel that is carrying goods from China to United States, a very large one before it was burning heavy fuel oil. Heavy fuel oil has a a big. Onve mental footprint. So if you use, for example, liquefied natural gas instead of heavy fuel oil, you reduce the environmental food the CO2 emission by 25%. But to do that, you have to make sure that you have a fuel tank that carry liquefied natural gas. So that means all of a sudden you have to adapt your container of vessel to be able to burn gas and conventional fuel. So we have to adapt over the last 10 years our technology. To make sure that these type of vessels that are not LJ carriers can burn alternative fuel gas to reduce their environmental footprint, these are the major items because now our technology has been adapted to container vessels to build carriers to cools, many coals now are running on gas and no more and heavy fuel because when they stay at key instead of having heavy smoke, You will see just water, because when you burn an L N G, its there is no is clean. There is no odor. So when people have fun on board these cruise vessels, they don't have this smell, You know, of carbon. They don't have this particular that you have in in your car when you, when you drive your car inside the cause. So all of that is to reduce, in fact, the environmental footprint. These are the two major things, but there are many of it.",technical_skills,0.95,technical_skills,0,technical_skills
AzizBamak,7,"I see, I see. so you believe that burning L, like using L as a fuel source will be like a booming industry in the future. Yeah, Yeah, in fact, you know, there is no magic ixixir. An energy to to be to be well used, it has to be easy to produce. Easy to transport and easy to store. 诶 so. The oil is the best format. Whenever you go to alternative fuel, you' lose efficiency, but the good thing is when you move from fuel to LNng, you reduce the CO2 emission by 25%. It's better. and then you have to build the Lng infrastructure that means that when you are at a port. Instead of having a barge with oil to bunker your vessel, you need to have an infrastructure to bunker Lng so us we have to adapt port infrastructure to help on the safety because when you handle Lng, it's not the same as heavy fuel so you have to build the barges, you have to be the bunker vessels, the procedures in order to transfer liquefi natural gas instead of heavy fuel So all of that takes a lot of time it does not. Happen overnight. But this is the work that has been done over the last 10 years in order to continue, as I said earlier, shipping is 3% of this CO2 emission globally to to reduce the impact of shipping. because, you know, whenever you are at home, when you click Amazon button and you say, oh there. Most of the time, it comes with a Chinese tag or a Vietnamese tag. 90% of the goods are transported by sea. So it's very important that we ensure that these goods are transported into in a sustainable way.",,"Q: I see, I see. so you believe that burning L, like using L as a fuel source will be like a booming industry in the future. Yeah, Yeah, in fact, you know, there is no magic ixixir. An energy to to be to be well used, it has to be easy to produce. Easy to transport and easy to store. 诶 so. The oil is the best format. Whenever you go to alternative fuel, you' lose efficiency, but the good thing is when you move from fuel to LNng, you reduce the CO2 emission by 25%. It's better. and then you have to build the Lng infrastructure that means that when you are at a port. Instead of having a barge with oil to bunker your vessel, you need to have an infrastructure to bunker Lng so us we have to adapt port infrastructure to help on the safety because when you handle Lng, it's not the same as heavy fuel so you have to build the barges, you have to be the bunker vessels, the procedures in order to transfer liquefi natural gas instead of heavy fuel So all of that takes a lot of time it does not. Happen overnight. But this is the work that has been done over the last 10 years in order to continue, as I said earlier, shipping is 3% of this CO2 emission globally to to reduce the impact of shipping. because, you know, whenever you are at home, when you click Amazon button and you say, oh there. Most of the time, it comes with a Chinese tag or a Vietnamese tag. 90% of the goods are transported by sea. So it's very important that we ensure that these goods are transported into in a sustainable way.
A: ",challenges,0.85,,2,challenges
AzizBamak,8,"Yeah, that's that's really interesting to see how that well as we grow older out if different, you know, things start using LG more. 谁呀？ So my question is what technical tools, methods or software have been most valuable throughout your engineering and leadership journey?","It's a good question so at my time we use as an engineer, we use AutoCd, we use solid works with our 3D base, we use you know LNng so when you have a vessel you have a tonk you have to ensure that you can load the LNng and you can unload the LG so when you use pipeline the pipe you use also equipment to manage all these LNG and all these LNng operation. So we use specialty software like Cesar for piping design and so on, but you know. When I transition to more commercial rules, I use more CRM, you know, a customer base where you have database for customers. I use power pointss. I use the word. And now more and more collaborative tools, for example, you know, something that I have my commercial team to use now. These are tools that, for example, are going to generate leads for you. You want to reach out to a company, you want to reach out to I don't know. if tomorrow Joshshua, you are going to be a mechanical engineer. How can I reach out to you I don't have your mobile phone your email address or something today through Linked in and through other tools, you have some AIdven tools where you go and you select companies, you select field of interest and you select mechanical engineer and you select the field they will give you many companies where you have mechanical engineers and sometimes you will see their email address you will see where even their phone if it is in one database. So AI is going to help in order for commercial people, for example, to reach out to people, understand their needs and do this kind what we call called callings before it was much more complicated so through a journey you change the tools to adapt to your needs and type of job that you are doing.","Q: Yeah, that's that's really interesting to see how that well as we grow older out if different, you know, things start using LG more. 谁呀？ So my question is what technical tools, methods or software have been most valuable throughout your engineering and leadership journey?
A: It's a good question so at my time we use as an engineer, we use AutoCd, we use solid works with our 3D base, we use you know LNng so when you have a vessel you have a tonk you have to ensure that you can load the LNng and you can unload the LG so when you use pipeline the pipe you use also equipment to manage all these LNG and all these LNng operation. So we use specialty software like Cesar for piping design and so on, but you know. When I transition to more commercial rules, I use more CRM, you know, a customer base where you have database for customers. I use power pointss. I use the word. And now more and more collaborative tools, for example, you know, something that I have my commercial team to use now. These are tools that, for example, are going to generate leads for you. You want to reach out to a company, you want to reach out to I don't know. if tomorrow Joshshua, you are going to be a mechanical engineer. How can I reach out to you I don't have your mobile phone your email address or something today through Linked in and through other tools, you have some AIdven tools where you go and you select companies, you select field of interest and you select mechanical engineer and you select the field they will give you many companies where you have mechanical engineers and sometimes you will see their email address you will see where even their phone if it is in one database. So AI is going to help in order for commercial people, for example, to reach out to people, understand their needs and do this kind what we call called callings before it was much more complicated so through a journey you change the tools to adapt to your needs and type of job that you are doing.",technical_skills,0.95,technical_skills,0,technical_skills
AzizBamak,9,"不事。 So my question is that for students looking to pursue engineering and eventually move into leadership, what mindset or habits do you believe are like essential for long term success?","Look, I think you have to be curious. It's small and important, particularly today things are changing me it's okay. I have maybe 10 years, but for you technology is moving very fast. you have to be curious, you have to train yourself in new technologies and you have to develop soft skills because at the end of the day technology is not going to replace human human skills, so you have to be collaborative, you have to connect. Because this is what for all these soft skills tomorrow, this is what is going to make the difference. So, and always look at the big picture if, for example, when you start your career, you are looking at a narrow field, understand what is the what is you are doing impacting the big picture. Find a mentor. Very important. Find someone who will who will accompany you, who will help you grow in your career. Be a problem server. go beyond your own list scope. and I would say opportunities will present to yourself. And if you are engineers, if you are internal interesting in engineering fields, I think there will be a bottleneck on all software engineering. I will encourage you to go on energy. You know why. We always need energy. Economy is a transformed energy. When you go in McDonald. If he doesn't have the bur now. To bear to cook. Is is the Bell. There is no business case. Since centuries, you need energy. To generate wealth. And more than sold today, if you look at AI, a prompt on Sha GT consume 10 times more than Google search. You need this energy. So understanding how energy comes into your plug is very important.","Q: 不事。 So my question is that for students looking to pursue engineering and eventually move into leadership, what mindset or habits do you believe are like essential for long term success?
A: Look, I think you have to be curious. It's small and important, particularly today things are changing me it's okay. I have maybe 10 years, but for you technology is moving very fast. you have to be curious, you have to train yourself in new technologies and you have to develop soft skills because at the end of the day technology is not going to replace human human skills, so you have to be collaborative, you have to connect. Because this is what for all these soft skills tomorrow, this is what is going to make the difference. So, and always look at the big picture if, for example, when you start your career, you are looking at a narrow field, understand what is the what is you are doing impacting the big picture. Find a mentor. Very important. Find someone who will who will accompany you, who will help you grow in your career. Be a problem server. go beyond your own list scope. and I would say opportunities will present to yourself. And if you are engineers, if you are internal interesting in engineering fields, I think there will be a bottleneck on all software engineering. I will encourage you to go on energy. You know why. We always need energy. Economy is a transformed energy. When you go in McDonald. If he doesn't have the bur now. To bear to cook. Is is the Bell. There is no business case. Since centuries, you need energy. To generate wealth. And more than sold today, if you look at AI, a prompt on Sha GT consume 10 times more than Google search. You need this energy. So understanding how energy comes into your plug is very important.",advice,0.95,,2,advice
AzizBamak,10,"Thank you. I think that's yeah, I guess I haven't even looked at energy engineering or different things that's something I guess I'll look into too.","Yeah, and you know, energy, if, if you are international students, okay, look at me each time I communicate with you, I was in a different country. Now I am in Paris last time we communicate, I was in China view the time I was in Middle East. So, you know, we live in a very complex world. The only way you can understand this world is to be im and energy business help you to do that. So you will visit other people, you will understand other cultures. Okay, through throughout, you have the chance to have access to it, but it goes beyond because you are in the bubble. But when you go and visit what's going on in China, what's going on in Middle East, what's going on in Europe was. And when you come back to US, you realize you have a different perspective. you realize that the world of opportunities is vast. And also, it helps you understand this world that is becoming more and more complex. And it helps you position yourself. So the only, I would say, advice I will give you, find something where you are passionate because. You will do it for a long time. And you will thrive. But energy could be a good good way.","Q: Thank you. I think that's yeah, I guess I haven't even looked at energy engineering or different things that's something I guess I'll look into too.
A: Yeah, and you know, energy, if, if you are international students, okay, look at me each time I communicate with you, I was in a different country. Now I am in Paris last time we communicate, I was in China view the time I was in Middle East. So, you know, we live in a very complex world. The only way you can understand this world is to be im and energy business help you to do that. So you will visit other people, you will understand other cultures. Okay, through throughout, you have the chance to have access to it, but it goes beyond because you are in the bubble. But when you go and visit what's going on in China, what's going on in Middle East, what's going on in Europe was. And when you come back to US, you realize you have a different perspective. you realize that the world of opportunities is vast. And also, it helps you understand this world that is becoming more and more complex. And it helps you position yourself. So the only, I would say, advice I will give you, find something where you are passionate because. You will do it for a long time. And you will thrive. But energy could be a good good way.",advice,0.95,advice,0,advice
AzizBamak,11,我是对。 Thank you for advice. Yep that was our last question Thank you for this interview Mr. Bemick,my pleasure thank you for your opportunity I hope it has been of interest for you and I wish you a wonderful summer,"Q: 我是对。 Thank you for advice. Yep that was our last question Thank you for this interview Mr. Bemick
A: my pleasure thank you for your opportunity I hope it has been of interest for you and I wish you a wonderful summer",advice,0.9,advice,0,advice
AzizBamak,12,Thank you you too thank you.,,"Q: Thank you you too thank you.
A: ",career_journey,0.1,,5,career_journey
ElliotStokes,1,"Everyone, welcome to the second episode of Beyond the Blueprint Today we're here with Mr. Wolf and he'll be talking a little about chemical engineering So the first question we have is what inspired you to pursue a career in chemical engineering and how did you find your niche and process safety.","All right. Thank you for that question, Joshua. I have to admit, I, you know, full disclosure. Chemi in high school wasn't my, my favorite subject. So it's a little bit unusual that I went into. Chemical engineering, but I was good at the time at math and science and I was a problem solver and in engineering that's what we do we solve problems. When I was a freshman in college, I kind of went through a bit of a process of elimination where I was considering different majors like mechanical engineering. Civil engineering, electrical engineering, and after about a year, what I discovered was that chemical engineering is interesting because it involves how molecules and the architecture of molecules influences the behavior of different materials that you know we have every day like materials that are breathable or waterproof or bulletproof. So that really kind of fascinated me and I started to do research under a professor in my sophomore year and learned a lot about just material science and that's what I think really kind of cemented my decision to go into chemical engineering. And then years later process safety is a specific domain within chemical engineering, it's very different than personal safety, like slips trips and falls, personal safety often involves just a single individual, which's different about the process safety domain is that it does require an understanding of thermodynamics, kinetics. The transport flow properties of materials so that those hazards can be managed appropriately to prevent catastrophic releases or accidents that could impact multiple people, the environment or businesses, so if you think about Chernobyl or the Bal India disaster that happened in 1984 those are those are real, The types of risks that a chemical engineer that's in process safety would protect companies against.","Q: Everyone, welcome to the second episode of Beyond the Blueprint Today we're here with Mr. Wolf and he'll be talking a little about chemical engineering So the first question we have is what inspired you to pursue a career in chemical engineering and how did you find your niche and process safety.
A: All right. Thank you for that question, Joshua. I have to admit, I, you know, full disclosure. Chemi in high school wasn't my, my favorite subject. So it's a little bit unusual that I went into. Chemical engineering, but I was good at the time at math and science and I was a problem solver and in engineering that's what we do we solve problems. When I was a freshman in college, I kind of went through a bit of a process of elimination where I was considering different majors like mechanical engineering. Civil engineering, electrical engineering, and after about a year, what I discovered was that chemical engineering is interesting because it involves how molecules and the architecture of molecules influences the behavior of different materials that you know we have every day like materials that are breathable or waterproof or bulletproof. So that really kind of fascinated me and I started to do research under a professor in my sophomore year and learned a lot about just material science and that's what I think really kind of cemented my decision to go into chemical engineering. And then years later process safety is a specific domain within chemical engineering, it's very different than personal safety, like slips trips and falls, personal safety often involves just a single individual, which's different about the process safety domain is that it does require an understanding of thermodynamics, kinetics. The transport flow properties of materials so that those hazards can be managed appropriately to prevent catastrophic releases or accidents that could impact multiple people, the environment or businesses, so if you think about Chernobyl or the Bal India disaster that happened in 1984 those are those are real, The types of risks that a chemical engineer that's in process safety would protect companies against.",career_journey,0.95,career_journey,0,career_journey
ElliotStokes,2,"Thank you. the second that is your education, sorry what? 嗯。 Sorry, what? That you can give ask the second question,. Yeah, okay, how did your education prepare you for your current role at Honeywell were there specific courses or experiences that shape your focus on safety management?","Yeah, another really good question. Yeah, I completed my bachelor's degree in chemical engineering as I was working, I also had aspirations to do more research and development so I went and pursued a master's degree and having worked with, Commercial groups for a business and developing new products that went out to clients at the time I was working for a company that made protective foam and packaging. And so Hwlla Packer just as an example, was one of the customers, and as I work more with the business and commercial people, I decided that it was a good idea for me to pursue an MBA, a master's in business administration. And because as an engineer, you know math and science skills are pretty strong, what I got really interested in that I think benefited benefits me now, especially with my role with Honeywell is really understanding how organization work, so organizational leadership, organizational psychology, really understanding how to manage a business to create a product and do that, In a way that's sustainable and you're maintaining or creating processes that are environmentally friendly. So a lot of safety or process safety is about developing a shared vision and values amongst a group of people in an organization to lead them to be able to solve complex problems and again, I'll kind of keep going back to that as engineers we were're problem solvers so. I think those were the courses and experiences that really set me up for success in my current role as the director of Pro Safety for Honeywell.","Q: Thank you. the second that is your education, sorry what? 嗯。 Sorry, what? That you can give ask the second question,. Yeah, okay, how did your education prepare you for your current role at Honeywell were there specific courses or experiences that shape your focus on safety management?
A: Yeah, another really good question. Yeah, I completed my bachelor's degree in chemical engineering as I was working, I also had aspirations to do more research and development so I went and pursued a master's degree and having worked with, Commercial groups for a business and developing new products that went out to clients at the time I was working for a company that made protective foam and packaging. And so Hwlla Packer just as an example, was one of the customers, and as I work more with the business and commercial people, I decided that it was a good idea for me to pursue an MBA, a master's in business administration. And because as an engineer, you know math and science skills are pretty strong, what I got really interested in that I think benefited benefits me now, especially with my role with Honeywell is really understanding how organization work, so organizational leadership, organizational psychology, really understanding how to manage a business to create a product and do that, In a way that's sustainable and you're maintaining or creating processes that are environmentally friendly. So a lot of safety or process safety is about developing a shared vision and values amongst a group of people in an organization to lead them to be able to solve complex problems and again, I'll kind of keep going back to that as engineers we were're problem solvers so. I think those were the courses and experiences that really set me up for success in my current role as the director of Pro Safety for Honeywell.",career_journey,0.95,,2,career_journey
ElliotStokes,3,"So for our next question, I guess specifically about something you did at your job, so can you walk me through a time when you had to identify and mitigate a major chemical process hazard?","Yeah, this is a great question. Engineers and process safety engineers often talk about what we call the day process safety hit home. And for some people that may have involved an accident or an incident or a significant release that either impacted them or maybe it hurt a coworker, and that changed their life going forward. For me. The the day that process safety for me hit home where. I was identifying and mitigating a major chemical hazard. Involved a material that was potentially explosive. And around that time, the company that I had worked for, my mentor for a number of years, had just retired, and so when he retired, I was the lead technical authority or expert that was in charge so everybody was coming to me for advice on how are we going to manage this particular change for a very hazardous and potentially explosive material. So that moment that very real moment the gravity kind of hit me where you realize that other people's lives are in your hands with with a decision that you make and so there are specific processes that we have to follow anytime we make a change to a chemical facility to ensure that we do it in a safe way right so it's got to be reviewed by a team of experts you have to do a risk assessment and really just, ify the rationale for for making that change and this particular material. 40 or 50 years prior to that the company had a significant explosion that fatally injured an employee at one of their facilities and that was the first and only time that they had a fatality so from that point forward you know they developed safety management systems and had a perfect record. And the images of that accident really had a profound effect on me realizing the energies involved with different chemicals and so in a way it kind of instilled, I call it a bit of a fear, but it's really a respect for the chemicals that we're dealing with and managing.","Q: So for our next question, I guess specifically about something you did at your job, so can you walk me through a time when you had to identify and mitigate a major chemical process hazard?
A: Yeah, this is a great question. Engineers and process safety engineers often talk about what we call the day process safety hit home. And for some people that may have involved an accident or an incident or a significant release that either impacted them or maybe it hurt a coworker, and that changed their life going forward. For me. The the day that process safety for me hit home where. I was identifying and mitigating a major chemical hazard. Involved a material that was potentially explosive. And around that time, the company that I had worked for, my mentor for a number of years, had just retired, and so when he retired, I was the lead technical authority or expert that was in charge so everybody was coming to me for advice on how are we going to manage this particular change for a very hazardous and potentially explosive material. So that moment that very real moment the gravity kind of hit me where you realize that other people's lives are in your hands with with a decision that you make and so there are specific processes that we have to follow anytime we make a change to a chemical facility to ensure that we do it in a safe way right so it's got to be reviewed by a team of experts you have to do a risk assessment and really just, ify the rationale for for making that change and this particular material. 40 or 50 years prior to that the company had a significant explosion that fatally injured an employee at one of their facilities and that was the first and only time that they had a fatality so from that point forward you know they developed safety management systems and had a perfect record. And the images of that accident really had a profound effect on me realizing the energies involved with different chemicals and so in a way it kind of instilled, I call it a bit of a fear, but it's really a respect for the chemicals that we're dealing with and managing.",challenges,0.95,,2,challenges
ElliotStokes,4,"Thank you for that. Yeah, thank you. So how do you apply chemical engineering principles like. Thermodynamics or reaction kinetics incur work related to safety and sustainability.","Yeah, so I think thermodynamics and kinetics have. Always kind of been a foundational kind of basic fundamental science that you need to take into consideration anytime that you're either. Developing a product or a process or managing safety safety risk earlier on in my career before I got into safety where I would develop new products I had mentioned I work for a company that developed foam packaging and if you ever looked inside of a bicycle helmet and you see the foam structure or if you you know bought a big screen television and you know you open up the box and you take the foam, In the television that foam is engineered in a very specific way to be able to withstand an impact right if somebody drops the TV on the way know that it's being shipped to your house or if somebody's wearing a bicycle helmet and they have an accident and unfortunately hit their head off the street, it's engineered in a way to absorb that energy and protect whatever it is inside of the foam, whether it's a TV. Or someone's someone's skull, right? Early on in my career, I was involved in the development of new foam applications where the goal was to create something and modify the molecular architecture to be able to provide the same level of protection, but with less foam. And being able to do it with less foam made it more environmentally friendly right so fewer shipments or less waste of packaging after it would arrive at the customers, you know the customers's destination most foam packaging is discarded or you know thrown into the trash there are some applications where maybe it's recycled. But our goal was to come up with something that had a lower environmental footprint.","Q: Thank you for that. Yeah, thank you. So how do you apply chemical engineering principles like. Thermodynamics or reaction kinetics incur work related to safety and sustainability.
A: Yeah, so I think thermodynamics and kinetics have. Always kind of been a foundational kind of basic fundamental science that you need to take into consideration anytime that you're either. Developing a product or a process or managing safety safety risk earlier on in my career before I got into safety where I would develop new products I had mentioned I work for a company that developed foam packaging and if you ever looked inside of a bicycle helmet and you see the foam structure or if you you know bought a big screen television and you know you open up the box and you take the foam, In the television that foam is engineered in a very specific way to be able to withstand an impact right if somebody drops the TV on the way know that it's being shipped to your house or if somebody's wearing a bicycle helmet and they have an accident and unfortunately hit their head off the street, it's engineered in a way to absorb that energy and protect whatever it is inside of the foam, whether it's a TV. Or someone's someone's skull, right? Early on in my career, I was involved in the development of new foam applications where the goal was to create something and modify the molecular architecture to be able to provide the same level of protection, but with less foam. And being able to do it with less foam made it more environmentally friendly right so fewer shipments or less waste of packaging after it would arrive at the customers, you know the customers's destination most foam packaging is discarded or you know thrown into the trash there are some applications where maybe it's recycled. But our goal was to come up with something that had a lower environmental footprint.",technical_skills,0.9,,2,technical_skills
ElliotStokes,5,"不事。 So for our next question, I'm going to be asking, what are some common misconceptions people have about chemical engineering careers?","😀呵呵。 😊 Yeah, this is a good one I think. Undergrad when you're in college chemical engineering at least when I was in college was probably the most feared engineering degree of all of them just because of the high level of difficulty so you know one misconception is that we didn't really have much of a life we just we're studying all the time or in the library now I spent a lot of time in the library but I was able to balance that with with a life outside of school. お？ Maybe another misconception is that chemical engineers work in laboratories and work with chemicals that's also not necessarily true there are many different career paths that chemical engineers can go on to and then and then another one is. We walk around with periodic tables in our back pocket, that's not true, but I. One of my professors in my sophomore year. He made the comment in one of our classes that there's a lot of chemical engineers on Wall Street. Doing financial modeling and at the time I didn't quite understand that, but after I completed my degree I knew why he he had that observation and which was true is because as chemical engineers you learn a problem solving skill set to be able to do very sophisticated modeling and that the math, Of being able to do that modeling easily translates from chemicals to financial modeling to operations modeling. There's a lot of real world applications for that skill set, so. I think the misconception is that if you get a chemical engineering degree, you're always going to work with chemicals, but that that's actually, that's probably, you know, maybe maybe about half true.","Q: 不事。 So for our next question, I'm going to be asking, what are some common misconceptions people have about chemical engineering careers?
A: 😀呵呵。 😊 Yeah, this is a good one I think. Undergrad when you're in college chemical engineering at least when I was in college was probably the most feared engineering degree of all of them just because of the high level of difficulty so you know one misconception is that we didn't really have much of a life we just we're studying all the time or in the library now I spent a lot of time in the library but I was able to balance that with with a life outside of school. お？ Maybe another misconception is that chemical engineers work in laboratories and work with chemicals that's also not necessarily true there are many different career paths that chemical engineers can go on to and then and then another one is. We walk around with periodic tables in our back pocket, that's not true, but I. One of my professors in my sophomore year. He made the comment in one of our classes that there's a lot of chemical engineers on Wall Street. Doing financial modeling and at the time I didn't quite understand that, but after I completed my degree I knew why he he had that observation and which was true is because as chemical engineers you learn a problem solving skill set to be able to do very sophisticated modeling and that the math, Of being able to do that modeling easily translates from chemicals to financial modeling to operations modeling. There's a lot of real world applications for that skill set, so. I think the misconception is that if you get a chemical engineering degree, you're always going to work with chemicals, but that that's actually, that's probably, you know, maybe maybe about half true.",challenges,0.85,advice,2,challenges
ElliotStokes,6,"I Think for the first one you're talking about with the hard degree, I've seen videos and everyone's always saying that like someone will come and interview someone they'll ask like what's the hardest engineering major and they'll always say chemical engineering or electrical. Yeah, it's difficult, but what I find is you know when you're passionate about something and you're interested and you're curious about it. And you know that's what you want to pursue it makes it easier were there were very few engineers that would transfer out of say mechanical or civil or electrical and go into chemical, but there were many chemical engineers that would transfer out and go to mechanical, civil, electrical or industrial engineering., since you're an expert at safety and risk management. What software tools or simulation platforms do commonly used in your safety and risk analysis work?","Yeah, one of the tools or softwares, I guess you could call it that has has been really an important. 嗯。 Kind of principal foundational type method, I would say that I've used quite a bit in my career is Monte Carlo simulation. So you've probably taken, maybe you've taken a probability course or a statistics course in high school. And the Neman Carlo method, it actually, it was invented back in the 1940s while researchers were working at Los Alamos National Laboratories on the atomic bomb. And the reason why they call it the Monte Carlo method is because one of the researchers, I guess his uncle spent a lot of time at the casino in Monaco Monte Carlo and so the method itself is a lot about and probability distribution and statistics. So they named it after his uncle's gambling habit. But it has really broad applicability. I was first introduced to it in graduate school when I was pursuing my master's degree in chemical engineering. And it was a way to mathematically represent the behavior of molecules, so instead of just using first principle type formulas to calculate say, yeah, what would the pressure or temperature be of a given molecule at a certain you know at certain conditions? You were able to simulate that and the reason why simulation is important when you get a lot of complexity within the interactions or the variables that are involved trying to represent the reality with the model it's a very useful technique and so I was able to translate that from chemical engineering and modeling molecules to modeling risk in chemical facilities to understand okay. likelihood or the severity of a particular incident if it were to happen and what are the prevention or mitigation measures that we need to put in place to reduce the risk as low as possible it turns out that Monte Carlo simulation is also used for financial modeling so that's that's the you know the other the other skill set there that is very useful on wall Street.","Q: I Think for the first one you're talking about with the hard degree, I've seen videos and everyone's always saying that like someone will come and interview someone they'll ask like what's the hardest engineering major and they'll always say chemical engineering or electrical. Yeah, it's difficult, but what I find is you know when you're passionate about something and you're interested and you're curious about it. And you know that's what you want to pursue it makes it easier were there were very few engineers that would transfer out of say mechanical or civil or electrical and go into chemical, but there were many chemical engineers that would transfer out and go to mechanical, civil, electrical or industrial engineering., since you're an expert at safety and risk management. What software tools or simulation platforms do commonly used in your safety and risk analysis work?
A: Yeah, one of the tools or softwares, I guess you could call it that has has been really an important. 嗯。 Kind of principal foundational type method, I would say that I've used quite a bit in my career is Monte Carlo simulation. So you've probably taken, maybe you've taken a probability course or a statistics course in high school. And the Neman Carlo method, it actually, it was invented back in the 1940s while researchers were working at Los Alamos National Laboratories on the atomic bomb. And the reason why they call it the Monte Carlo method is because one of the researchers, I guess his uncle spent a lot of time at the casino in Monaco Monte Carlo and so the method itself is a lot about and probability distribution and statistics. So they named it after his uncle's gambling habit. But it has really broad applicability. I was first introduced to it in graduate school when I was pursuing my master's degree in chemical engineering. And it was a way to mathematically represent the behavior of molecules, so instead of just using first principle type formulas to calculate say, yeah, what would the pressure or temperature be of a given molecule at a certain you know at certain conditions? You were able to simulate that and the reason why simulation is important when you get a lot of complexity within the interactions or the variables that are involved trying to represent the reality with the model it's a very useful technique and so I was able to translate that from chemical engineering and modeling molecules to modeling risk in chemical facilities to understand okay. likelihood or the severity of a particular incident if it were to happen and what are the prevention or mitigation measures that we need to put in place to reduce the risk as low as possible it turns out that Monte Carlo simulation is also used for financial modeling so that's that's the you know the other the other skill set there that is very useful on wall Street.",technical_skills,0.95,,2,technical_skills
ElliotStokes,7,"See so it's very widespread so since it is the model and with the advancement of AI today, has it made any impact on the improvement of the model?","Yeah, certainly AI and the ability to train a model if you have data to be able to be more predictive in its ability to anticipate whether certain events will happen, so I agree that the advent of artificial intelligence, I think has taken that. That type of analysis and method to greater lengths and. Utility in order to be able to, you know predict situations, whether it's in a chemical facility or if it involves safety or if it involves financial risk.","Q: See so it's very widespread so since it is the model and with the advancement of AI today, has it made any impact on the improvement of the model?
A: Yeah, certainly AI and the ability to train a model if you have data to be able to be more predictive in its ability to anticipate whether certain events will happen, so I agree that the advent of artificial intelligence, I think has taken that. That type of analysis and method to greater lengths and. Utility in order to be able to, you know predict situations, whether it's in a chemical facility or if it involves safety or if it involves financial risk.",technical_skills,0.85,technical_skills,0,technical_skills
ElliotStokes,8,"See, okay, next. So you could see like. Like predicts better based on instant situations that happen.","That's a very complex subject. Whenever you begin to try to understand when a certain event will happen. It's hard to predict when it'll happen, however, you can develop models that will tell you how vulnerable you are to a certain risk happening within a given timeframe, so I don't think we've cracked the code to you know being able to anticipate that it's going to happen on this day at this time, but I think the models have improved in such a way where the resolution in that time frame. 😡 Of when it could happen is much better.","Q: See, okay, next. So you could see like. Like predicts better based on instant situations that happen.
A: That's a very complex subject. Whenever you begin to try to understand when a certain event will happen. It's hard to predict when it'll happen, however, you can develop models that will tell you how vulnerable you are to a certain risk happening within a given timeframe, so I don't think we've cracked the code to you know being able to anticipate that it's going to happen on this day at this time, but I think the models have improved in such a way where the resolution in that time frame. 😡 Of when it could happen is much better.",technical_skills,0.85,,2,technical_skills
ElliotStokes,9,"Okay, thank you. Next question I'm going to ask, can you explain how process safety integrates with the broader goals of sustainability and energy efficiency in chemical plants?","Yeah, they're I would say very aligned, you know, I work for a company Honeywell that develops and commercializes advanced materials. That enhance the eco efficiencyency while also reducing environmental impact, the primary focus of the business that I'm involved in is to develop next generation solutions such as low global warming potential refrigerants, other types of high strength fibers or ballistic resistant fibers, performance chemicals, chemicals that go into semiconductors. And specialty additives. 嗯。 In all of those, you know we are looking for ways to reduce our environmental footprint, the amount of emissions that are released to the environment, so if you look at the overall operational sustainability of a facility, those are things that as chemical engineers and as process safety professionals, when we work collectively as a business, we're all working towards that same mission. And goal to produce materials in a way that's not just cost efficient but efficient in terms of its impact on the environment.","Q: Okay, thank you. Next question I'm going to ask, can you explain how process safety integrates with the broader goals of sustainability and energy efficiency in chemical plants?
A: Yeah, they're I would say very aligned, you know, I work for a company Honeywell that develops and commercializes advanced materials. That enhance the eco efficiencyency while also reducing environmental impact, the primary focus of the business that I'm involved in is to develop next generation solutions such as low global warming potential refrigerants, other types of high strength fibers or ballistic resistant fibers, performance chemicals, chemicals that go into semiconductors. And specialty additives. 嗯。 In all of those, you know we are looking for ways to reduce our environmental footprint, the amount of emissions that are released to the environment, so if you look at the overall operational sustainability of a facility, those are things that as chemical engineers and as process safety professionals, when we work collectively as a business, we're all working towards that same mission. And goal to produce materials in a way that's not just cost efficient but efficient in terms of its impact on the environment.",technical_skills,0.85,,2,technical_skills
ElliotStokes,10,"Okay, thank you. So. My question is. How has the role of chemical engineers changed with the rise of green energy and sustainability efforts.","So green energy and chemical engineers, I would say there's a lot of emerging science in that space with respect to new products and new developments for one example is just the hydrogen economy right and how do we use hydrogen in a way versus more you know traditional fossil fuels so thats that's one error. Wd is another solar is another, I mentioned the company that I work for Honeywell, we produce materials that go into semiconductors, so these types of specialty additives or specialty materials that require you know them to be able to operate in conditions that are very adverse, either very corrosive or high temperature or high pressure conditions. New new battery technology is also another emerging area so that we're using electricity more so in our daily lives, whether it's in you know transportation or just in a lot of our household goods so that they're more ecofriend, so I think these are all ways that chemical engineers in particular, our skill set and the ability to solve those types of complex problems. Can contribute to. The rise of green energy and a more sustainable future for our planet.","Q: Okay, thank you. So. My question is. How has the role of chemical engineers changed with the rise of green energy and sustainability efforts.
A: So green energy and chemical engineers, I would say there's a lot of emerging science in that space with respect to new products and new developments for one example is just the hydrogen economy right and how do we use hydrogen in a way versus more you know traditional fossil fuels so thats that's one error. Wd is another solar is another, I mentioned the company that I work for Honeywell, we produce materials that go into semiconductors, so these types of specialty additives or specialty materials that require you know them to be able to operate in conditions that are very adverse, either very corrosive or high temperature or high pressure conditions. New new battery technology is also another emerging area so that we're using electricity more so in our daily lives, whether it's in you know transportation or just in a lot of our household goods so that they're more ecofriend, so I think these are all ways that chemical engineers in particular, our skill set and the ability to solve those types of complex problems. Can contribute to. The rise of green energy and a more sustainable future for our planet.",career_journey,0.85,,2,career_journey
ElliotStokes,11,So what is one project you're especially proud of that has made a meaningful impact on society or in environmental impact?,"Yeah, so about 20 years ago I was working for the Dupont company and back in that time frame, you may have heard of PFAS, which are perfinated materials that are. Quite common to be used in things like. Teflon or water resistant applications. And so back in the early 2000s, there was an effort because these perforinated surfactants are were environmentally persistent. So they didn't biodegrade very well in another another. Way to characterize them is that they were bioacummulative. And so we had produced a product that used PFAS. and I was the. Engineer responsible for the manufacturing process, and. What wasn't known at the time is that there were other alternative surfactants, or they're basically soaps that could be used in the process that were non PFAS materials. and which would environmentally degrade so they weren't persistent they wouldn't accumulate in the environment and so as a chemical engineer I was the lead on the project on the manufacturing side to really take this new technology from research and development and implemented in our manufacturing process so that was a really significant change for the company very early on when this science was emerging. And so the end result is that we were able to replace all of the products there with this new surfactant that was you know essentially very similar to a dish detergent right and we use this dish detergent or soaps to wash clothes all the time so to be able to replace a PFAS surfactant with something that is much more of a household common soap was quite a breakthrough, and discovery, and when I look back on it, it was definitely a highlight in my career, not just because of the impact on the business, but the impact that it had on the environment and sustainability.","Q: So what is one project you're especially proud of that has made a meaningful impact on society or in environmental impact?
A: Yeah, so about 20 years ago I was working for the Dupont company and back in that time frame, you may have heard of PFAS, which are perfinated materials that are. Quite common to be used in things like. Teflon or water resistant applications. And so back in the early 2000s, there was an effort because these perforinated surfactants are were environmentally persistent. So they didn't biodegrade very well in another another. Way to characterize them is that they were bioacummulative. And so we had produced a product that used PFAS. and I was the. Engineer responsible for the manufacturing process, and. What wasn't known at the time is that there were other alternative surfactants, or they're basically soaps that could be used in the process that were non PFAS materials. and which would environmentally degrade so they weren't persistent they wouldn't accumulate in the environment and so as a chemical engineer I was the lead on the project on the manufacturing side to really take this new technology from research and development and implemented in our manufacturing process so that was a really significant change for the company very early on when this science was emerging. And so the end result is that we were able to replace all of the products there with this new surfactant that was you know essentially very similar to a dish detergent right and we use this dish detergent or soaps to wash clothes all the time so to be able to replace a PFAS surfactant with something that is much more of a household common soap was quite a breakthrough, and discovery, and when I look back on it, it was definitely a highlight in my career, not just because of the impact on the business, but the impact that it had on the environment and sustainability.",projects,0.95,projects,0,projects
ElliotStokes,12,"Yeah that's very impressive thank you so our final question is what advice would you give to a high school student interested in chemical engineering, especially one that wants to make a global impact in safety or sustainability.","Yeah, thank you for that question. like we've talked today about we've had an opportunity I've really enjoyed this conversation about chemical engineering and and process safety and you know talked about some of the misconceptions talked about the opportunities there are in chemical engineering so my message and my advice would be to you know be open to the possibilities that a degree in chemical engineering can offer so many of my friends who, chemicalemical engineers, they go on to successful careers in healthcare, marketing, finance, risk management, there's really a very you know broad career trajectory that you could go on because it's a very versatile degree. So maybe just because chemistry may not be your favorite subject if you were like me in high school don't rule it out I guess i'm a good example of that and it took me a few years to realize what I was really passionate about and then when I when I when I learned that chemical engineering was a pathway for me to get there that's what you know for me cemented my decision to pursue it and now you know'm, Fortunate enough to lead. An organization. That's a Fortune 500 company with Honeywell and really enjoying it and having the time of my life. So I would say, yeah, ask questions, talk to chemical engineers, understand what they do, and see if that's something that is aligned and fits with what your career goals are.","Q: Yeah that's very impressive thank you so our final question is what advice would you give to a high school student interested in chemical engineering, especially one that wants to make a global impact in safety or sustainability.
A: Yeah, thank you for that question. like we've talked today about we've had an opportunity I've really enjoyed this conversation about chemical engineering and and process safety and you know talked about some of the misconceptions talked about the opportunities there are in chemical engineering so my message and my advice would be to you know be open to the possibilities that a degree in chemical engineering can offer so many of my friends who, chemicalemical engineers, they go on to successful careers in healthcare, marketing, finance, risk management, there's really a very you know broad career trajectory that you could go on because it's a very versatile degree. So maybe just because chemistry may not be your favorite subject if you were like me in high school don't rule it out I guess i'm a good example of that and it took me a few years to realize what I was really passionate about and then when I when I when I learned that chemical engineering was a pathway for me to get there that's what you know for me cemented my decision to pursue it and now you know'm, Fortunate enough to lead. An organization. That's a Fortune 500 company with Honeywell and really enjoying it and having the time of my life. So I would say, yeah, ask questions, talk to chemical engineers, understand what they do, and see if that's something that is aligned and fits with what your career goals are.",advice,1.0,,2,advice
ElliotStokes,13,"Mrwell, thank you for your time and thank you for all your insights.","And you so much. Okay, you're welcome, it was nice talking with you yeah.","Q: Mrwell, thank you for your time and thank you for all your insights.
A: And you so much. Okay, you're welcome, it was nice talking with you yeah.",career_journey,0.1,,5,career_journey
MichaelAdelemoni,1,"Hello everyone, welcome to the sixth episode of Beyond the Blueprints today we're here with Mr. Addela Mui he's one of my friends's own brothers and he's a software engineer at Google so for our first question, could you start by telling us a little about yourself where you grew up and what first drew to computer science?","Sure, my name is Michael Addeli Modi, I grew up in I Bao Nigeria so in our states I yeah I spent most of my life there and then I did two years in a boarding school in Legos and then I went to uni at Purdue in Indiana what first it drew me to computer science was I think I'd already had a very strong interest in STM. I wanted to be like a scientist of some kind ever since I was young, and then computers were very interesting ever since my brother actually started programming and so in sort of an effort to copy him, I just basically went into programming myself, I started with JavaScript and went on to do game design which really was where the interest in programming grew and then I went out of game design to focus on computer science more generally.","Q: Hello everyone, welcome to the sixth episode of Beyond the Blueprints today we're here with Mr. Addela Mui he's one of my friends's own brothers and he's a software engineer at Google so for our first question, could you start by telling us a little about yourself where you grew up and what first drew to computer science?
A: Sure, my name is Michael Addeli Modi, I grew up in I Bao Nigeria so in our states I yeah I spent most of my life there and then I did two years in a boarding school in Legos and then I went to uni at Purdue in Indiana what first it drew me to computer science was I think I'd already had a very strong interest in STM. I wanted to be like a scientist of some kind ever since I was young, and then computers were very interesting ever since my brother actually started programming and so in sort of an effort to copy him, I just basically went into programming myself, I started with JavaScript and went on to do game design which really was where the interest in programming grew and then I went out of game design to focus on computer science more generally.",career_journey,0.95,,2,career_journey
MichaelAdelemoni,2,"Yeah, I think that's a really great progression. So for a high schooler picturing what a software engineer at Google does, what does your actual day look like.","是嗯。On a day to day, it's programming, obviously you'll be given either you'll either be given a set of tasks or a general idea of what they want you to do and you would write codes to achieve those tasks if you're given a general idea what they would want you to do is write documents detailing the design you want to implement or the design that you want other people to implement. And yeah, so it's mostly attending meetings that talk about design, getting tasks and implementing them by writing code and working with people from within your team and in other teams to figure out the problem space and to figure out what needs to be done to address the issues.","Q: Yeah, I think that's a really great progression. So for a high schooler picturing what a software engineer at Google does, what does your actual day look like.
A: 是嗯。On a day to day, it's programming, obviously you'll be given either you'll either be given a set of tasks or a general idea of what they want you to do and you would write codes to achieve those tasks if you're given a general idea what they would want you to do is write documents detailing the design you want to implement or the design that you want other people to implement. And yeah, so it's mostly attending meetings that talk about design, getting tasks and implementing them by writing code and working with people from within your team and in other teams to figure out the problem space and to figure out what needs to be done to address the issues.",daily_work,0.95,,2,daily_work
MichaelAdelemoni,3,"That's cool. well, just I'm just curious, how much AI do do you guys incorporate into coding.","A lot AI has been it's very interesting I've been I got hired rights as AI was a very big thing in software engineering as a whole and especially in Google. But when I got hired the pretty much owned, there were like very few AI tools, but as of now, there are complete AI agents that like sort of auto a variety of tasks that you can like even writing code, there are some people that are writing dramatically less code because they're just outsourcing most of the right code writing to AI, AI is very good at like reading design documents as well, and it's good at reading bugs and so you can sort of have AI just read a bug and plan out a way to fix the bug and then you can just approve the changes that the AI makes.","Q: That's cool. well, just I'm just curious, how much AI do do you guys incorporate into coding.
A: A lot AI has been it's very interesting I've been I got hired rights as AI was a very big thing in software engineering as a whole and especially in Google. But when I got hired the pretty much owned, there were like very few AI tools, but as of now, there are complete AI agents that like sort of auto a variety of tasks that you can like even writing code, there are some people that are writing dramatically less code because they're just outsourcing most of the right code writing to AI, AI is very good at like reading design documents as well, and it's good at reading bugs and so you can sort of have AI just read a bug and plan out a way to fix the bug and then you can just approve the changes that the AI makes.",technical_skills,0.9,,2,technical_skills
MichaelAdelemoni,4,Okay. It's really nice to nice to see or learn the AIs you know the part of your daily life now so you spent two years at the data mine including working with eyeGide on optimizing weather data so what did a typical week on that project look like and what the hardest part?,"Sure嗯。That project was a project on optimizing weather data for, I believe, read efficiency for distributed systems.嗯。It was were mostly were just working in a Cadjupiternal book to experimenting with various chunking methods that can have good read efficiency, so it was a bunch of we had a meetings with the lead researcher to figure out which direction we want to take an experiment and then we'd obviously execute on the experiment and gather all the data we have and then with that data you create your analyses and you can present them to the rest of their team and you can add that to the end of your sort of research experiment.","Q: Okay. It's really nice to nice to see or learn the AIs you know the part of your daily life now so you spent two years at the data mine including working with eyeGide on optimizing weather data so what did a typical week on that project look like and what the hardest part?
A: Sure嗯。That project was a project on optimizing weather data for, I believe, read efficiency for distributed systems.嗯。It was were mostly were just working in a Cadjupiternal book to experimenting with various chunking methods that can have good read efficiency, so it was a bunch of we had a meetings with the lead researcher to figure out which direction we want to take an experiment and then we'd obviously execute on the experiment and gather all the data we have and then with that data you create your analyses and you can present them to the rest of their team and you can add that to the end of your sort of research experiment.",projects,0.95,projects,0,projects
MichaelAdelemoni,5,"そ cool. So my question is, what surprised the most about working an other industry compared to what you've expected from school?","Sure. What surprised me the most was the flexibility.嗯。I guess maybe Google is could be different from other engineering companies or even other large engineering companies, but I feel like there's a lot of flexibility in what you can, the tasks that you can take, there's lot of flexibility in deadlines, there's a lot of flexibility in the way they expect you to work. And even the things that you're like doing, I am doing a 20% project and I at Google what that is is basically you take 20% of your time, I do go do another thing at Google right so my main job is working on testing infrastructure. But as 20% of my time, I work on AI weather modeling. And it's just really cool that I get to just skip on and not skip on, but like I get to just, if I'm just a downtime in my main work, I can sort of focus on this other work that's very interesting to me.","Q: そ cool. So my question is, what surprised the most about working an other industry compared to what you've expected from school?
A: Sure. What surprised me the most was the flexibility.嗯。I guess maybe Google is could be different from other engineering companies or even other large engineering companies, but I feel like there's a lot of flexibility in what you can, the tasks that you can take, there's lot of flexibility in deadlines, there's a lot of flexibility in the way they expect you to work. And even the things that you're like doing, I am doing a 20% project and I at Google what that is is basically you take 20% of your time, I do go do another thing at Google right so my main job is working on testing infrastructure. But as 20% of my time, I work on AI weather modeling. And it's just really cool that I get to just skip on and not skip on, but like I get to just, if I'm just a downtime in my main work, I can sort of focus on this other work that's very interesting to me.",workplace_culture,0.9,,2,workplace_culture
MichaelAdelemoni,6,So it like having a job at Google also allows you to have to follow your own passion.,"Yeah, definitely there's a lot of, it might be a Google thing, but there's just a lot of things that Google does and there's a lot of opportunities like Google has to be able to explore.","Q: So it like having a job at Google also allows you to have to follow your own passion.
A: Yeah, definitely there's a lot of, it might be a Google thing, but there's just a lot of things that Google does and there's a lot of opportunities like Google has to be able to explore.",workplace_culture,0.9,workplace_culture,0,workplace_culture
MichaelAdelemoni,7,"Yeah, that's nice to hear that even they're working at a top, you know, tech firm, a tech company that you have a lot of flexibility to do what you want to do, it's not like constant work. That's very nice to hear so you also ta for over a year at Purdue so what teaching what did teaching other students actually teach you about computer science that classes alone didn't.","Yeah. Obviously, teaching other people is a very good way to reince the knowledge that you already have right if you're able to teach someone a complicated topic, it means that you've already made it simple in your own head, simple enough that you can communicate it to someone else. So there's that aspect, but it's also the I got to see the way different people navigated the same problem because you get to save the way a lot of people complete the same homework assignments and you get to figure out sort of the new, interesting ways to look at an experiments, look at an assignment, but also sort of the wrong ways to look at assignments. right, There's a lot of, I found that some people tended to.嗯. So not interact with the assignment as much and I got to see directly the effects of that right of not interacting with a problem space and not fully understanding what you're working on. So what it taught me was that you need to really outline the problem that you're working on so you can be able to understand it well enough to implement a plan.","Q: Yeah, that's nice to hear that even they're working at a top, you know, tech firm, a tech company that you have a lot of flexibility to do what you want to do, it's not like constant work. That's very nice to hear so you also ta for over a year at Purdue so what teaching what did teaching other students actually teach you about computer science that classes alone didn't.
A: Yeah. Obviously, teaching other people is a very good way to reince the knowledge that you already have right if you're able to teach someone a complicated topic, it means that you've already made it simple in your own head, simple enough that you can communicate it to someone else. So there's that aspect, but it's also the I got to see the way different people navigated the same problem because you get to save the way a lot of people complete the same homework assignments and you get to figure out sort of the new, interesting ways to look at an experiments, look at an assignment, but also sort of the wrong ways to look at assignments. right, There's a lot of, I found that some people tended to.嗯. So not interact with the assignment as much and I got to see directly the effects of that right of not interacting with a problem space and not fully understanding what you're working on. So what it taught me was that you need to really outline the problem that you're working on so you can be able to understand it well enough to implement a plan.",advice,0.85,advice,0,advice
MichaelAdelemoni,8,"Good advice, thank you. Yeah, so in the timeline that we are in currently, AI is reshaping software engineering very quickly for a student starting computer science today, what should they focus on?","Sure嗯。The focus, I don't think has changed too much the computer science fundamentals, data structures and algorithms, if you know like what frameworks that you want to work in or like what languages you want to work in focusing on fully understanding the frameworks and languages is very important, but I guess in the age of AI you really don't want to be scared of using AI, you don't want to be too hesitant to pick up AI and it's a very interesting thing that you have to balance because on the one hand, I found that AI is obviously very helpful for improving productivity. But it ends up, you end up sort of being one step removed from the thing that you're actually coding. And especially if you're learning something and you're just getting into computer science or you're just getting into software engineering and you're learning you don't want to be one step removed from what you're doing, you want to be directly like using your brain power to do the accomplished tasks instead of using AI brain power, so you need to be comfortable with using AI, but you also need to be able to work without AI when you need to because there will be sometimes times where an AI, an LLM or coding assistant won't be able to help and as an engineer are expected to be able to do those things.","Q: Good advice, thank you. Yeah, so in the timeline that we are in currently, AI is reshaping software engineering very quickly for a student starting computer science today, what should they focus on?
A: Sure嗯。The focus, I don't think has changed too much the computer science fundamentals, data structures and algorithms, if you know like what frameworks that you want to work in or like what languages you want to work in focusing on fully understanding the frameworks and languages is very important, but I guess in the age of AI you really don't want to be scared of using AI, you don't want to be too hesitant to pick up AI and it's a very interesting thing that you have to balance because on the one hand, I found that AI is obviously very helpful for improving productivity. But it ends up, you end up sort of being one step removed from the thing that you're actually coding. And especially if you're learning something and you're just getting into computer science or you're just getting into software engineering and you're learning you don't want to be one step removed from what you're doing, you want to be directly like using your brain power to do the accomplished tasks instead of using AI brain power, so you need to be comfortable with using AI, but you also need to be able to work without AI when you need to because there will be sometimes times where an AI, an LLM or coding assistant won't be able to help and as an engineer are expected to be able to do those things.",advice,0.95,,2,advice
MichaelAdelemoni,9,That's good advice thank you so I wanted to ask if you could walk us through the path from your first internship searching to then the offer at Google and what did that timeline actually look like for you.,"Yeah. 嘘. I'm going to go back, so I didn't do an internship. I only did the like the research positions and. Yeah, that's another piece of advice I'd like to tell people like if you are going to take the college routes to go into software engineering, you shouldn't only look at internships you should look at some research as well, other people are like adverse to doing research in school because research doesn't really apply directly to industry oftentimes, but you can find very good research opportunities. So the first research opportunity I did was in the data Min, there was a corporate Partner program at Purdue where you get to work directly with some industry professionals, so I worked with some professionals from nationwide mutual insurance, I believe, and we were actually developing an AI weather model from Foundation. And I did that for a year and then from there I got to going to contact with other people from the data mine that were doing some other research that was for optimizing weather data for distributed systems and so I did that for a year as well. And then after that I graduated and there was pretty much nothing for a time, I graduated in like May and I got a job in Google in November and so between then it was really stressful and so all I was doing was brushing up on all of my data structures and algorithms, I was brushing up on JavaScript frameworks, even though I ended up not using much JavaScript, but. Yeah, that was the journey from that first research position to getting the job at Google.","Q: That's good advice thank you so I wanted to ask if you could walk us through the path from your first internship searching to then the offer at Google and what did that timeline actually look like for you.
A: Yeah. 嘘. I'm going to go back, so I didn't do an internship. I only did the like the research positions and. Yeah, that's another piece of advice I'd like to tell people like if you are going to take the college routes to go into software engineering, you shouldn't only look at internships you should look at some research as well, other people are like adverse to doing research in school because research doesn't really apply directly to industry oftentimes, but you can find very good research opportunities. So the first research opportunity I did was in the data Min, there was a corporate Partner program at Purdue where you get to work directly with some industry professionals, so I worked with some professionals from nationwide mutual insurance, I believe, and we were actually developing an AI weather model from Foundation. And I did that for a year and then from there I got to going to contact with other people from the data mine that were doing some other research that was for optimizing weather data for distributed systems and so I did that for a year as well. And then after that I graduated and there was pretty much nothing for a time, I graduated in like May and I got a job in Google in November and so between then it was really stressful and so all I was doing was brushing up on all of my data structures and algorithms, I was brushing up on JavaScript frameworks, even though I ended up not using much JavaScript, but. Yeah, that was the journey from that first research position to getting the job at Google.",career_journey,0.95,career_journey,0,career_journey
MichaelAdelemoni,10,"Yeah, I think that's really interesting that you participate in activities such as eyeguide to Data Min and then to now working on Google so I think you could describe yourself as adaptable in someone who throws yourself at different activities how has that how has that mindset shaped your career so far and is it something you'd recommend to students.","Yeah. I think that mindset has given me a lot of opportunities like the first research project I did at school, I ended up doing sort of the same thing here at Google on my 20% project, right, the research project at school was. 😊 Proredicting extreme hail events. And then at Google I found a research team that was trying to predict extreme weather events of all sorts, right entail precipitation as well, tornadoes and lightning and so me going out of my way in school finding some research projects actually just helped me gain that initial experience that I could transfer over and I believe I'm doing pretty well even in that 20% capacity and. Yeah being adaptable gives you an opportunity to also expand your network right so now that I did that research project I know some people back at the university, but in the 20% that I'm doing right now, I know some people in other parts of Google and if I ever wanted to move to another part of Google or if I ever like wanted to just ask advice, I have now a larger network of people that I can draw some help from.","Q: Yeah, I think that's really interesting that you participate in activities such as eyeguide to Data Min and then to now working on Google so I think you could describe yourself as adaptable in someone who throws yourself at different activities how has that how has that mindset shaped your career so far and is it something you'd recommend to students.
A: Yeah. I think that mindset has given me a lot of opportunities like the first research project I did at school, I ended up doing sort of the same thing here at Google on my 20% project, right, the research project at school was. 😊 Proredicting extreme hail events. And then at Google I found a research team that was trying to predict extreme weather events of all sorts, right entail precipitation as well, tornadoes and lightning and so me going out of my way in school finding some research projects actually just helped me gain that initial experience that I could transfer over and I believe I'm doing pretty well even in that 20% capacity and. Yeah being adaptable gives you an opportunity to also expand your network right so now that I did that research project I know some people back at the university, but in the 20% that I'm doing right now, I know some people in other parts of Google and if I ever wanted to move to another part of Google or if I ever like wanted to just ask advice, I have now a larger network of people that I can draw some help from.",advice,0.9,advice,0,advice
MichaelAdelemoni,11,Thank you so my next question was actually I was going to look back to see what you did in college you spoke about a research project but there's anything else that I think that you did in college that was really important to helping you land your job at Google.,"嗯. Apart from just like we paying attention in class, I guess there's uni did teach me some data structures and algorithms that was very helpful in the interview process. But. Yeah, I don't think I really did.嗯. Mched apart from the research, I guess the research was the main thing that really helped me there because. Especially Google, but a lot of larger software companies are dealing with a lot of data analysis and seeing that data analysis work in your resume can be very helpful for them.","Q: Thank you so my next question was actually I was going to look back to see what you did in college you spoke about a research project but there's anything else that I think that you did in college that was really important to helping you land your job at Google.
A: 嗯. Apart from just like we paying attention in class, I guess there's uni did teach me some data structures and algorithms that was very helpful in the interview process. But. Yeah, I don't think I really did.嗯. Mched apart from the research, I guess the research was the main thing that really helped me there because. Especially Google, but a lot of larger software companies are dealing with a lot of data analysis and seeing that data analysis work in your resume can be very helpful for them.",career_journey,0.9,career_journey,0,career_journey
MichaelAdelemoni,12,"哦. From my knowledge of many high school students today, their perception of college life is often parting and not really doing much study would you say that it is applicable to your own experience and would you recommend them to be on this path?","Yeah so it is the complete opposite from my experience, but I don't really recommend my experience I graduated uni in three years so I did like pretty much 18 to 19 credits for the last two years which is a lot it's over the maximum actually I had to like get special permission to do 19 credits and then I also did classes in the summer so I don't recommend that you do that especially if an internship is kind of hard to come by, a lot of companies only accept you for an internship if you're still in school, so you might want to stay the full four years if you have basically the money to do it but I also don't recommend that you party all the time, especially if you're going into computer science, computer science is a field in math and it can get very math heavy when you're doing proofs and things like that, and if you don't spend enough time really understanding the topics you are going to struggle, I've seen a lot of people struggle even with time spent trying to understand so. You really need to manage your time very effectively.","Q: 哦. From my knowledge of many high school students today, their perception of college life is often parting and not really doing much study would you say that it is applicable to your own experience and would you recommend them to be on this path?
A: Yeah so it is the complete opposite from my experience, but I don't really recommend my experience I graduated uni in three years so I did like pretty much 18 to 19 credits for the last two years which is a lot it's over the maximum actually I had to like get special permission to do 19 credits and then I also did classes in the summer so I don't recommend that you do that especially if an internship is kind of hard to come by, a lot of companies only accept you for an internship if you're still in school, so you might want to stay the full four years if you have basically the money to do it but I also don't recommend that you party all the time, especially if you're going into computer science, computer science is a field in math and it can get very math heavy when you're doing proofs and things like that, and if you don't spend enough time really understanding the topics you are going to struggle, I've seen a lot of people struggle even with time spent trying to understand so. You really need to manage your time very effectively.",advice,0.95,,2,advice
MichaelAdelemoni,13,"All right, thank you, sir. I wanted to ask about the how much you think the IB program helped you with where you are now.","Yeah, it helped a lot because I don't think I would have been able to graduate in three years without the IB program, I did a sort of where Purdue has a system where you study computer science, but you can focus in different areas of computer science and my areas of focus were software engineering and machine intelligence. And to complete those two areas, I needed to take a lot of subjects. And so IB really helped me just reduce the amount of subjects I needed to take so I can fit both areas in under three years. And it also really trained resilience, I guess, because the IB program is grueling and college was felt super easy compared to the IB program, so it really just helped me prepare myself for the kind of workload that I'd be taking on.","Q: All right, thank you, sir. I wanted to ask about the how much you think the IB program helped you with where you are now.
A: Yeah, it helped a lot because I don't think I would have been able to graduate in three years without the IB program, I did a sort of where Purdue has a system where you study computer science, but you can focus in different areas of computer science and my areas of focus were software engineering and machine intelligence. And to complete those two areas, I needed to take a lot of subjects. And so IB really helped me just reduce the amount of subjects I needed to take so I can fit both areas in under three years. And it also really trained resilience, I guess, because the IB program is grueling and college was felt super easy compared to the IB program, so it really just helped me prepare myself for the kind of workload that I'd be taking on.",career_journey,0.95,,2,career_journey
MichaelAdelemoni,14,Thank you sir so I think that's all of our questions so I want to thank you for coming and yes yeah no problem thank you for having me yes yeah thank you so much.,,"Q: Thank you sir so I think that's all of our questions so I want to thank you for coming and yes yeah no problem thank you for having me yes yeah thank you so much.
A: ",advice,0.1,,5,advice
MutaharMehkri,1,"All right everyone welcome to the third episode of Beyond the Blueprints, so today we have Mr. Meckery and we're going to be asking a few sets of questions. So the first question is, what first inspired you to pursue aerospace engineering and how did your interests evolve into space system safety specifically?","Yeah, I mean so I would say it started when I was very young when I was probably like a teenager or maybe even little younger than that probably like middle school, I was very into space movies, you know all the Star Wars movies, all that stuff, and so I was always fascinated with aerospace in general aircraft, space travel and so when I was young, I think I was like 12,13 I was like my vision board and all like the school where do you see yourself in 10 years like that was always my thing was I want to be an astronaut and I want to go to space. So it was like this long goal, like long term goal of mine since I was a young kid and then as I went through school, I think I naturally inclined toward mathematics and like science subjects, I tended to find more interest in them. And I was doing well in them as well so that obviously helps and then it became more practical in reality when I obviously got out of college, I had actually met a recruiter when I was still in college that was with a company called SIC which is essentially a contracted company from NASA which is through the Johnson Space Center where they essentially provided safety system engineering services for JSC. I met the recruiter, I'd given him my resume and everything and I kind of forgot about it I was like I don't know I'm going to get to this like I don't even know how I'm going to have the opportunities I didn't even apply like six months after that I graduated and everything I started actually a different job where I was working for a company like designing and manufacturing helicopter rotorbls and within like two or three months into this job I got an email from that recruiter and he was like hey, we have this opening and then I kept reading it at the bottom and said Johnson Space Center and I was like wait one I was just like this crazy because everything I've like kind of wanted to do as a young kid so I like jumped on the opportunity I reached out to him and then since I got through there it kind of just opened up doors for everything you know space and as related and then that's where I started off as a safety engineering getting more into like systems systems engineering and then that's pretty much the story of how I've kind of gotten into the industry.","Q: All right everyone welcome to the third episode of Beyond the Blueprints, so today we have Mr. Meckery and we're going to be asking a few sets of questions. So the first question is, what first inspired you to pursue aerospace engineering and how did your interests evolve into space system safety specifically?
A: Yeah, I mean so I would say it started when I was very young when I was probably like a teenager or maybe even little younger than that probably like middle school, I was very into space movies, you know all the Star Wars movies, all that stuff, and so I was always fascinated with aerospace in general aircraft, space travel and so when I was young, I think I was like 12,13 I was like my vision board and all like the school where do you see yourself in 10 years like that was always my thing was I want to be an astronaut and I want to go to space. So it was like this long goal, like long term goal of mine since I was a young kid and then as I went through school, I think I naturally inclined toward mathematics and like science subjects, I tended to find more interest in them. And I was doing well in them as well so that obviously helps and then it became more practical in reality when I obviously got out of college, I had actually met a recruiter when I was still in college that was with a company called SIC which is essentially a contracted company from NASA which is through the Johnson Space Center where they essentially provided safety system engineering services for JSC. I met the recruiter, I'd given him my resume and everything and I kind of forgot about it I was like I don't know I'm going to get to this like I don't even know how I'm going to have the opportunities I didn't even apply like six months after that I graduated and everything I started actually a different job where I was working for a company like designing and manufacturing helicopter rotorbls and within like two or three months into this job I got an email from that recruiter and he was like hey, we have this opening and then I kept reading it at the bottom and said Johnson Space Center and I was like wait one I was just like this crazy because everything I've like kind of wanted to do as a young kid so I like jumped on the opportunity I reached out to him and then since I got through there it kind of just opened up doors for everything you know space and as related and then that's where I started off as a safety engineering getting more into like systems systems engineering and then that's pretty much the story of how I've kind of gotten into the industry.",career_journey,1.0,career_journey,0,career_journey
MutaharMehkri,2,"Thanks, that's, that's so cool. Yeah, you, you've worked with one of the most advanced space or, NASA. Can you walk us through a journey and how each role shapes your perspective.","Yeah, I mean, honestly I think I was very fortunate that I did make a good connection like I said with that recruiter early on because it definitely I think made the process of actually getting hired a lot easier because I think there was like a rapport I had with him at that point and he like liked me he found interest in me he got to see me face to face and so when I went in for the interview at that point, I think there was a little bit in his head like okay I've spoken to him before he's like you know someone that we're looking at. And so that was my first job getting in as what I worked at actually was an EVA safety engineer, so EVA stands for extravehicular activity, which basically in simple terms is a spacewalk and so that basically is referencing astronauts when they go out in a spacesuit in a vacuum environment and it conducts some sort of activity whether it's for science or maintenance or whatever so when they were in the like for the last I don't know 20 30 years now, the only even going to the International Space Station, the last moon mission was like I would say the early '70s maybe 71 or something and so since then the only real space travel we've done is in space and predominantly on the International Space Station so there were there's regular maintenance EVAs that happen on the International Space Station. And so they'll have to go out and they have to sometimes you know reroute some wiring outside of the International Space station or perhaps there's some sort of damage and maybe they need to repair it or maybe they need to install a new payload and so my main job and my main focus starting off was essentially doing the safety of the operations associated with that spacewalk so I would get to work with a lot of the astronauts I would get to be participating in a lot of simulations where we'd have them in what's called like a neutral buoy and seal lab. It is essentially like a giant pool in Johnson Space Center that essentially levels out the weight and it gives kind of a feel of what it would be like to be in zero gravity and so they've actually built like a mockup International Space station not the complete thing but a good chunk of it underwater and then they have these astronauts going in there and do a lot of these simulated runs so I got to work with them throughout that process I got to work in what's called the mission evaluation room I don't know if you've kind of seen on like those movies where they're like sitting on in the room and there's like these big monitors. I got these headsets and that's kind of like the main flight control room and so I was essentially in a back room what's called a mission evaluation room where I'd have my console in and sometimes it could be a late like a times where they'd go out and do these EVAs and I'd be supporting and monitoring them, watching video footage, we have cameras all around the Eva listening into the radios, checking for any kind of hazards that they might encounter, touch temperatures, checking their suit telemetry, making sure they have good oxygen. There's not carbon dioxide buildup, CO2 scrubbings happening, all of these things and so that was kind of the basic fundamentals of that job and how I essentially started off and got into the industry and I did that for about three years before I transitioned over to axiom space I don't know if you guys have heard. Of them, but they're basically the prime spacesuit contract for the new XMU which is essentially like the the where we want to make a new spacesuit to go to the moon and go to Mars and kind of you know look past just like low orbit so they're making a new spacesuit at axiom space and so and they're the prime contract for NASA and so I got to I worked with them for about a little bit more than a year and I did. Some tool safeties and a bunch of systems engineering associated with that which was a you know that was a chaos in himself so I think part of your question was like roadblocks and things like that and I think starting at axiom was very chaotic there's a lot it's a high pace you know it's like we got to deliver by deadlines and so it was a kind of a shift from more of like the government to more of like a kind of were private contract we're private we're trying to win these like contracts and we want to meet these deadlines and so I did that for about a year a plus and then now recently I'm actually partnered with intuitive machines where they have essentially a completed contract for the lunar terrain vehicle I'm not sure if you guys are familiar with that, but that's basically a rover that's going to be a manned rover that we're trying to put on the moon and so part of the Artemis program which is kind of like what you could call like Apollo 2.0 is we're trying to bring people back on the moon part of that mission involves putting a lunar terrain vehicle, something that the astronauts can sit in. Drive around in and cover a lot more ground and then be able to retrieve samples and do any kinds of scientific studies that they want to do up there so I've been working on that project currently and it's been once again like an incredible experience I've got the opportunity to meet Charlie Duke and Harrison Schmidt who are two X Apollo astronauts who've actually stepped on the moon and being able to like get their feedback. Several more astronauts as such, and it's just been a very cool and just a very unique experience. And so there's a very like high pace situation where there's a lot of work we have to kind of you know roll out quickly, but then there's also times where it's a little bit more slow and do so the whole process definitely there's you there's been some hiccups and roadblocks and things along the way but overall I would say it's a very like fulfilling role with like you know it's something that like even through the chaos like you're having fun you're enjoying it because it's something that's just so cool you you're doing space really thing so that's kind of the whole story with kind of traveling through my career. And all the different experiences that I've had.","Q: Thanks, that's, that's so cool. Yeah, you, you've worked with one of the most advanced space or, NASA. Can you walk us through a journey and how each role shapes your perspective.
A: Yeah, I mean, honestly I think I was very fortunate that I did make a good connection like I said with that recruiter early on because it definitely I think made the process of actually getting hired a lot easier because I think there was like a rapport I had with him at that point and he like liked me he found interest in me he got to see me face to face and so when I went in for the interview at that point, I think there was a little bit in his head like okay I've spoken to him before he's like you know someone that we're looking at. And so that was my first job getting in as what I worked at actually was an EVA safety engineer, so EVA stands for extravehicular activity, which basically in simple terms is a spacewalk and so that basically is referencing astronauts when they go out in a spacesuit in a vacuum environment and it conducts some sort of activity whether it's for science or maintenance or whatever so when they were in the like for the last I don't know 20 30 years now, the only even going to the International Space Station, the last moon mission was like I would say the early '70s maybe 71 or something and so since then the only real space travel we've done is in space and predominantly on the International Space Station so there were there's regular maintenance EVAs that happen on the International Space Station. And so they'll have to go out and they have to sometimes you know reroute some wiring outside of the International Space station or perhaps there's some sort of damage and maybe they need to repair it or maybe they need to install a new payload and so my main job and my main focus starting off was essentially doing the safety of the operations associated with that spacewalk so I would get to work with a lot of the astronauts I would get to be participating in a lot of simulations where we'd have them in what's called like a neutral buoy and seal lab. It is essentially like a giant pool in Johnson Space Center that essentially levels out the weight and it gives kind of a feel of what it would be like to be in zero gravity and so they've actually built like a mockup International Space station not the complete thing but a good chunk of it underwater and then they have these astronauts going in there and do a lot of these simulated runs so I got to work with them throughout that process I got to work in what's called the mission evaluation room I don't know if you've kind of seen on like those movies where they're like sitting on in the room and there's like these big monitors. I got these headsets and that's kind of like the main flight control room and so I was essentially in a back room what's called a mission evaluation room where I'd have my console in and sometimes it could be a late like a times where they'd go out and do these EVAs and I'd be supporting and monitoring them, watching video footage, we have cameras all around the Eva listening into the radios, checking for any kind of hazards that they might encounter, touch temperatures, checking their suit telemetry, making sure they have good oxygen. There's not carbon dioxide buildup, CO2 scrubbings happening, all of these things and so that was kind of the basic fundamentals of that job and how I essentially started off and got into the industry and I did that for about three years before I transitioned over to axiom space I don't know if you guys have heard. Of them, but they're basically the prime spacesuit contract for the new XMU which is essentially like the the where we want to make a new spacesuit to go to the moon and go to Mars and kind of you know look past just like low orbit so they're making a new spacesuit at axiom space and so and they're the prime contract for NASA and so I got to I worked with them for about a little bit more than a year and I did. Some tool safeties and a bunch of systems engineering associated with that which was a you know that was a chaos in himself so I think part of your question was like roadblocks and things like that and I think starting at axiom was very chaotic there's a lot it's a high pace you know it's like we got to deliver by deadlines and so it was a kind of a shift from more of like the government to more of like a kind of were private contract we're private we're trying to win these like contracts and we want to meet these deadlines and so I did that for about a year a plus and then now recently I'm actually partnered with intuitive machines where they have essentially a completed contract for the lunar terrain vehicle I'm not sure if you guys are familiar with that, but that's basically a rover that's going to be a manned rover that we're trying to put on the moon and so part of the Artemis program which is kind of like what you could call like Apollo 2.0 is we're trying to bring people back on the moon part of that mission involves putting a lunar terrain vehicle, something that the astronauts can sit in. Drive around in and cover a lot more ground and then be able to retrieve samples and do any kinds of scientific studies that they want to do up there so I've been working on that project currently and it's been once again like an incredible experience I've got the opportunity to meet Charlie Duke and Harrison Schmidt who are two X Apollo astronauts who've actually stepped on the moon and being able to like get their feedback. Several more astronauts as such, and it's just been a very cool and just a very unique experience. And so there's a very like high pace situation where there's a lot of work we have to kind of you know roll out quickly, but then there's also times where it's a little bit more slow and do so the whole process definitely there's you there's been some hiccups and roadblocks and things along the way but overall I would say it's a very like fulfilling role with like you know it's something that like even through the chaos like you're having fun you're enjoying it because it's something that's just so cool you you're doing space really thing so that's kind of the whole story with kind of traveling through my career. And all the different experiences that I've had.",career_journey,0.95,,2,career_journey
MutaharMehkri,3,"I see, you mentioned monitoring astronauts during EVA operations, like around how many people. Like monitoring like one person at the same time?","Yeah so I would say there's I'm trying the full like maybe 20 ish people in the flight control room and each and so each there's like a desk essentially that's assigned per like discipline so there there's going to be like a desk that just for like spark for example Spark is like the the power control part of the ISS and then there'll be like a desk that's just for the ISS safety side of things and then there'll be people that are just monitoring the structures of the facility and so there's a total of maybe I want to say like 50 to 100 people total that are on console paying attention watching and but they all have their own specific role so you know some one person's whole job is really just to make sure that we don't lose power in the facility you know we don't have any leaks and another guy's role is to make sure there's no leaks and like the oxygen you know and where they have you a good habitable volume for them to return back into the International Space Station there's you know somebody else's job is to make sure the structure is not somebody else's job is to make sure there's own meteters hitting and also there's a lot of analysis that goes into making sure that throughout the process of orbiting they don't go out during the time where there can be like some sort of meteors that could hit them so everybody has like a specific role involved and we all work in conjunction and like for example my specific role was really just to monitor the actual evi like the person itself and so it was really me and there would be another person and so it would be like two people job like a prime in a back. And it just depends on you know it fluctuas you could be prim for one mission and you could be a backup up for another and it really just depends, but essentially our role would be we're just watching the astronaut and our whole job is just to make sure that he's perfectly okay and he survives and there's nothing you know damaging that can happen to his health and so there's a ton of people working on it but in terms of just specifically watching the astronauts attempts to just be like the two people that are assigned and then obviously overall everyone there is cognizant know so they're all like if if they see something we didn't notice they're going to you know, they're going to still bring it forward and you know, be proactive about it.","Q: I see, you mentioned monitoring astronauts during EVA operations, like around how many people. Like monitoring like one person at the same time?
A: Yeah so I would say there's I'm trying the full like maybe 20 ish people in the flight control room and each and so each there's like a desk essentially that's assigned per like discipline so there there's going to be like a desk that just for like spark for example Spark is like the the power control part of the ISS and then there'll be like a desk that's just for the ISS safety side of things and then there'll be people that are just monitoring the structures of the facility and so there's a total of maybe I want to say like 50 to 100 people total that are on console paying attention watching and but they all have their own specific role so you know some one person's whole job is really just to make sure that we don't lose power in the facility you know we don't have any leaks and another guy's role is to make sure there's no leaks and like the oxygen you know and where they have you a good habitable volume for them to return back into the International Space Station there's you know somebody else's job is to make sure the structure is not somebody else's job is to make sure there's own meteters hitting and also there's a lot of analysis that goes into making sure that throughout the process of orbiting they don't go out during the time where there can be like some sort of meteors that could hit them so everybody has like a specific role involved and we all work in conjunction and like for example my specific role was really just to monitor the actual evi like the person itself and so it was really me and there would be another person and so it would be like two people job like a prime in a back. And it just depends on you know it fluctuas you could be prim for one mission and you could be a backup up for another and it really just depends, but essentially our role would be we're just watching the astronaut and our whole job is just to make sure that he's perfectly okay and he survives and there's nothing you know damaging that can happen to his health and so there's a ton of people working on it but in terms of just specifically watching the astronauts attempts to just be like the two people that are assigned and then obviously overall everyone there is cognizant know so they're all like if if they see something we didn't notice they're going to you know, they're going to still bring it forward and you know, be proactive about it.",daily_work,0.95,,2,daily_work
MutaharMehkri,4,"Yeah, and I assumed that if one person mess up their part, there will be like a offensive to kind of act.","Yeah, exactly. And so there's, there's a lot of like checks in place. And so you have like I said of primary and backup So the primaryaries watching and monitoring everything. And then if you misses something you have a backup. And on top of that, there's like a regular built in checks that we have in what we call like the procedure document. So when they're going out to conduct these Eva operations, there's a set of procedures they have to follow. And we kind of built it in there that we have what's called like buddy checks, for example like we'll have one of the astronauts ask the other astronaut like you know if you're doing all right, do you need any help we'll have what's called glove and hap checks which is essentially like you look at your gloves like do you have any damage on your gloves because that's kind of the more common areas where you might get a leak you know when you're constantly touching things with your hand there's a higher probability you might end up getting like a pinch in your glove and then there could be a hole and that's where a leak could happen so we'll ask them regularly built into the procedures you know check your gloves. Check your half is essentially like the helmet absorption pad it's essentially a pad that sits around at the back of their neck and it kind of absorbs some of the sweat that they have and some of the excess water because there's constantly water looping through the suit to keep them cool there's a little pipe for them to be able to drink if they get thirsty and so there could be situations where you might have a water leak within the suit. And that can be problematic as well because if there's a water leak and maybe the suit's still functioning generally the same, but there's just been a lot of excess water in the suit, it could kind of get caught up around the mouth part and it's not like in a environment where there's gravity where water would just fall down in a zero gravity environment you could literally just have a bubble of water that just traps around your nose in your mouth and now you're trying to move away from it and you're actually drowning like a very small amount of water and so we've actually had a situation happen like that theres actually a national. Lua I'm having trouble with his last name but I think starts with a P and I was actually an EVA where he almost drowned within the suit because there was a leak within the suit and so part of what we do as EVA safety is where we're constantly checking up on them and we have it built in within the procedures to do like regular 30 minute, 60 minute checks and then we have what's called like a meR manager who essentially constantly checks in with all the different disciplines throughout the EVA so she'll going in or whoever the manager is at the time will contact you and be like, you know, have you noticed anything is there something of concern have you been keeping up is there anything that we should be so so there's always people that are constantly you know doing these checks to make sure that you know, if somebody does kind of doze off like there's other fail safes in place to make sure that you know proper safety is being maintained.","Q: Yeah, and I assumed that if one person mess up their part, there will be like a offensive to kind of act.
A: Yeah, exactly. And so there's, there's a lot of like checks in place. And so you have like I said of primary and backup So the primaryaries watching and monitoring everything. And then if you misses something you have a backup. And on top of that, there's like a regular built in checks that we have in what we call like the procedure document. So when they're going out to conduct these Eva operations, there's a set of procedures they have to follow. And we kind of built it in there that we have what's called like buddy checks, for example like we'll have one of the astronauts ask the other astronaut like you know if you're doing all right, do you need any help we'll have what's called glove and hap checks which is essentially like you look at your gloves like do you have any damage on your gloves because that's kind of the more common areas where you might get a leak you know when you're constantly touching things with your hand there's a higher probability you might end up getting like a pinch in your glove and then there could be a hole and that's where a leak could happen so we'll ask them regularly built into the procedures you know check your gloves. Check your half is essentially like the helmet absorption pad it's essentially a pad that sits around at the back of their neck and it kind of absorbs some of the sweat that they have and some of the excess water because there's constantly water looping through the suit to keep them cool there's a little pipe for them to be able to drink if they get thirsty and so there could be situations where you might have a water leak within the suit. And that can be problematic as well because if there's a water leak and maybe the suit's still functioning generally the same, but there's just been a lot of excess water in the suit, it could kind of get caught up around the mouth part and it's not like in a environment where there's gravity where water would just fall down in a zero gravity environment you could literally just have a bubble of water that just traps around your nose in your mouth and now you're trying to move away from it and you're actually drowning like a very small amount of water and so we've actually had a situation happen like that theres actually a national. Lua I'm having trouble with his last name but I think starts with a P and I was actually an EVA where he almost drowned within the suit because there was a leak within the suit and so part of what we do as EVA safety is where we're constantly checking up on them and we have it built in within the procedures to do like regular 30 minute, 60 minute checks and then we have what's called like a meR manager who essentially constantly checks in with all the different disciplines throughout the EVA so she'll going in or whoever the manager is at the time will contact you and be like, you know, have you noticed anything is there something of concern have you been keeping up is there anything that we should be so so there's always people that are constantly you know doing these checks to make sure that you know, if somebody does kind of doze off like there's other fail safes in place to make sure that you know proper safety is being maintained.",challenges,0.95,challenges,0,challenges
MutaharMehkri,5,"Thank you. So you earlier mentioned about the lunar terrain vehicle, so what are like some of the most exciting things that you've worked on and what are also some challenging things?","Yeah, I mean it's I feel like the whole project has been very you know interesting and you know it's been amazing my specific role with system safety is essentially what I do is I do an analysis of the entire vehicle and I'm assessing for all of the hazards like everything that could possibly go wrong with this vehicle you know we could have a collision for example driving around on the moon you know you might hit a crater or a big rock so we make sure we do an analysis of the hazard avoidance system kind of like when we have with these new, like Teslas and these cards like it'll kind of show you in advance like that there's an object in front of you so we do some sort of analysis on these subsystems that we've know designed and put into these vehicles to make sure that it will actually respond in a timely manner and you know it'll provide that hazard avoidance alertness to the crew member and so we do an analysis on all the different subsystems of the vehicle you know we do an analysis on a touch temperatures for example, is the vehicle itself is it made out of a material is it designed in such a way that if they just, you know grab onto things are certain parts of the vehicle going to get too hot or too cold that could potentially damage the suit which could you know of course harm the crew member and so some of the challenging things I would say is, when we go in and we sit at what's called like an SRP which is like a safety review panel and we bring forward all these hazard reports and we discuss know with this panel that like we have all of these things that we've assessed and we have all these controls in place and a control is essentially like how you're stopping the hazard from happening so if we say we're stopping a collision hazard from happening well the way we stop it from happening is we have a hazard avoidance system and we have these alerts and these auditory tones that are going to go off and that's how they're going know there's going to be a. And there's going to be visual and there's going to be colors a red flashing color that tells them you know they're going to hit something maybe we've built in some programming into the vehicle that kind of breaks on its own like an automatic brakes type system and so we present these controls to the safety review panel which is like the NASA board and they will then tell you like okay we approve this to move forward and you it can continue with the design progression so part of the difficulties and the challenges are like when you as much as you may think you assess for everything there might be things you haven't assessed for. Because there's just so much that could go wrong and so when we sit in these safety review pans there's times you know it's like a huge board of people about 10 people are actually on the board like the voting board but there's like 50 participants that are they going going be giving you critiques, they're going to be critiquing your control strategy they're going to be telling you what did you think about this what did you think about what if you're going down a crater is it going to be able to do a hazard avoidance of and detection of something that's maybe like a crater what if there's not very good lighting have you accounted for your system to be able to detect things that are far into this tense or things that are you know not there's not good lighting around them or is it going to be able to detect it and so there's so many little little nuances of like potential things that could go wrong and you don't sometimes think about it all the time that and tends to sometimes be like kind of the biggest challenges is like thinking about all the different possible ways that something could go wrong and then trying to come up with trying to design and implement some sort of a strategy that you know is failsafe like okay I need to have some sort of system and some sort of control strategy in place that no matter what happens, you know this hazard will not take place and so I would say those are those have been kind of the major challenges you know we have recently. Comple so there's three phases by the way of an SRP so you go through phase one where you present all your hazards and you present a control strategy then you have a phase two where you have verifications to those controls, you show how you verify the control strategy in place and then by phase three you're like fully done and you're ready to launch right until you get phase3 approved you can't even send anything up into space so we've actually just recently like about a couple of weeks ago I'd say finally got our phase one approval done for our current project and so that was a big milestone for us and so. So far we're so now we're kind of gearing up and getting ready for phase two and so hopefully within the next I would say two to three years, hopefully we can get this LTV fully certified and hopefully onto the moon and so that's that's that's our plan right now.","Q: Thank you. So you earlier mentioned about the lunar terrain vehicle, so what are like some of the most exciting things that you've worked on and what are also some challenging things?
A: Yeah, I mean it's I feel like the whole project has been very you know interesting and you know it's been amazing my specific role with system safety is essentially what I do is I do an analysis of the entire vehicle and I'm assessing for all of the hazards like everything that could possibly go wrong with this vehicle you know we could have a collision for example driving around on the moon you know you might hit a crater or a big rock so we make sure we do an analysis of the hazard avoidance system kind of like when we have with these new, like Teslas and these cards like it'll kind of show you in advance like that there's an object in front of you so we do some sort of analysis on these subsystems that we've know designed and put into these vehicles to make sure that it will actually respond in a timely manner and you know it'll provide that hazard avoidance alertness to the crew member and so we do an analysis on all the different subsystems of the vehicle you know we do an analysis on a touch temperatures for example, is the vehicle itself is it made out of a material is it designed in such a way that if they just, you know grab onto things are certain parts of the vehicle going to get too hot or too cold that could potentially damage the suit which could you know of course harm the crew member and so some of the challenging things I would say is, when we go in and we sit at what's called like an SRP which is like a safety review panel and we bring forward all these hazard reports and we discuss know with this panel that like we have all of these things that we've assessed and we have all these controls in place and a control is essentially like how you're stopping the hazard from happening so if we say we're stopping a collision hazard from happening well the way we stop it from happening is we have a hazard avoidance system and we have these alerts and these auditory tones that are going to go off and that's how they're going know there's going to be a. And there's going to be visual and there's going to be colors a red flashing color that tells them you know they're going to hit something maybe we've built in some programming into the vehicle that kind of breaks on its own like an automatic brakes type system and so we present these controls to the safety review panel which is like the NASA board and they will then tell you like okay we approve this to move forward and you it can continue with the design progression so part of the difficulties and the challenges are like when you as much as you may think you assess for everything there might be things you haven't assessed for. Because there's just so much that could go wrong and so when we sit in these safety review pans there's times you know it's like a huge board of people about 10 people are actually on the board like the voting board but there's like 50 participants that are they going going be giving you critiques, they're going to be critiquing your control strategy they're going to be telling you what did you think about this what did you think about what if you're going down a crater is it going to be able to do a hazard avoidance of and detection of something that's maybe like a crater what if there's not very good lighting have you accounted for your system to be able to detect things that are far into this tense or things that are you know not there's not good lighting around them or is it going to be able to detect it and so there's so many little little nuances of like potential things that could go wrong and you don't sometimes think about it all the time that and tends to sometimes be like kind of the biggest challenges is like thinking about all the different possible ways that something could go wrong and then trying to come up with trying to design and implement some sort of a strategy that you know is failsafe like okay I need to have some sort of system and some sort of control strategy in place that no matter what happens, you know this hazard will not take place and so I would say those are those have been kind of the major challenges you know we have recently. Comple so there's three phases by the way of an SRP so you go through phase one where you present all your hazards and you present a control strategy then you have a phase two where you have verifications to those controls, you show how you verify the control strategy in place and then by phase three you're like fully done and you're ready to launch right until you get phase3 approved you can't even send anything up into space so we've actually just recently like about a couple of weeks ago I'd say finally got our phase one approval done for our current project and so that was a big milestone for us and so. So far we're so now we're kind of gearing up and getting ready for phase two and so hopefully within the next I would say two to three years, hopefully we can get this LTV fully certified and hopefully onto the moon and so that's that's that's our plan right now.",projects,0.95,,2,projects
MutaharMehkri,6,"Its Good, yeah. So. I'm curious, how do you simulate space conditions on Earth to test systems that will eventually operate on the moon orbit?","Yeah, that's a great question. Yeah absolutely and I think one of so the biggest difficulty really is gravity I mean you can probably simulate mostly everything other than I going to say mostly everything there's a lot of challenges but obviously gravity is gravity so it's harder to simulate that other than kind of some of the things I talked about with like the NBAO and things like that and so that gets difficult but you can use vacuum chambers to get an idea of what it would be like in a can knowa atmosphere environment we do a lot of testing for like a rocky. design these huge like acres of land and we like use like we design like these rocky kind of areas or sometimes it's easier to just find like a really rocky deserty area and like I don't know Arizona or something and we would take our vehicles out there and we run over various different types of terrains and then you're able to kind of get an idea of what it would be like if it was on some sort of a rocky place and then we do these tests and like complete night pitch black areas because like obviously on the moon even though we, have headlights and everything depending on where you're at it could get very dark depending on the angle of the sun and the time of orbit we do a lot of radiation testing essentially putting them into these chambers we do a lot of temperature testing so you essentially like heat something up for and see hard how hot you can get it obviously there's an analysis process first and then there's also an experimental process but sometimes analysis experiment can have some discrepancies based on external factors and variances. and then. We do a lot of structural testing so for example know we have carbon fiber material that we're using to design these you know the frame of this car not the frame sorry the frame is titanium but like the I guess the hood and the fenders and all that and so we do a lot of structural testing on a vibration testing you know we pull it as much as you can you crush it as much as you can and you're able to get a general idea of how much load this car is going to be able to withstand how much heat, how much freeze lack of temperature actually able to withstand. How it's going to behave in a zero atmosphere environment so we're able to do quite a lot of simulation to be able to get an accurate you know idea of it obviously it's never going to be exactly like the environment because I moon it just a completely different place but using these tools and you know kind of leveraging all of the different experts within the industry we're able to get a fairly good idea of it.","Q: Its Good, yeah. So. I'm curious, how do you simulate space conditions on Earth to test systems that will eventually operate on the moon orbit?
A: Yeah, that's a great question. Yeah absolutely and I think one of so the biggest difficulty really is gravity I mean you can probably simulate mostly everything other than I going to say mostly everything there's a lot of challenges but obviously gravity is gravity so it's harder to simulate that other than kind of some of the things I talked about with like the NBAO and things like that and so that gets difficult but you can use vacuum chambers to get an idea of what it would be like in a can knowa atmosphere environment we do a lot of testing for like a rocky. design these huge like acres of land and we like use like we design like these rocky kind of areas or sometimes it's easier to just find like a really rocky deserty area and like I don't know Arizona or something and we would take our vehicles out there and we run over various different types of terrains and then you're able to kind of get an idea of what it would be like if it was on some sort of a rocky place and then we do these tests and like complete night pitch black areas because like obviously on the moon even though we, have headlights and everything depending on where you're at it could get very dark depending on the angle of the sun and the time of orbit we do a lot of radiation testing essentially putting them into these chambers we do a lot of temperature testing so you essentially like heat something up for and see hard how hot you can get it obviously there's an analysis process first and then there's also an experimental process but sometimes analysis experiment can have some discrepancies based on external factors and variances. and then. We do a lot of structural testing so for example know we have carbon fiber material that we're using to design these you know the frame of this car not the frame sorry the frame is titanium but like the I guess the hood and the fenders and all that and so we do a lot of structural testing on a vibration testing you know we pull it as much as you can you crush it as much as you can and you're able to get a general idea of how much load this car is going to be able to withstand how much heat, how much freeze lack of temperature actually able to withstand. How it's going to behave in a zero atmosphere environment so we're able to do quite a lot of simulation to be able to get an accurate you know idea of it obviously it's never going to be exactly like the environment because I moon it just a completely different place but using these tools and you know kind of leveraging all of the different experts within the industry we're able to get a fairly good idea of it.",technical_skills,0.95,technical_skills,0,technical_skills
MutaharMehkri,7,"Thank you. So also about the space risks, what are some like underestimated risks that people like typically don't think about when you know, you're going to space.","Yeah, I would say probably one of the biggest ones are sometimes the smallest hazards are sometimes the most dangerous hazards, so for example, a sharp edge hazard is something that we take very seriously because it's something that people tend to not think would be that big a deal and I don't mean like sharp edge as like like a knife or something like obviously a knife is very clearly sharp but sometimes it's really just even like a pointed corner on a tool like there could be like a scooping tool that we have to kind of scoop up samples from the moon. And that may have like the edge of it may have like a really pointy corner and. It seems like it's not that big a deal, but there is a like a wild chance that somehow if that you know if you were to drop it in a certain angle or were to slip out of your hand, it could puncture some part of the suit and obviously we have know structural design requirements that we meet for the suit so the suit is made to be very strong and structurally sound but there is there is a chance that slight cuts like that could actually end up creating a leak in your suit and then that could be cat. And so one of the big risks that I think sometimes like a common maybe person doesn't think would be that big of a deal is actually some of those smaller little things that's like oh there's a sharp corner here like is that that really that big of a deal and it's like it actually could end up being a really big deal so we have to monitor those things and make sure that that specific corner even is meeting the kind of the radius requirement you know and it has like a fill on it to some certain some diameter or radius and so that would be only one example of that.","Q: Thank you. So also about the space risks, what are some like underestimated risks that people like typically don't think about when you know, you're going to space.
A: Yeah, I would say probably one of the biggest ones are sometimes the smallest hazards are sometimes the most dangerous hazards, so for example, a sharp edge hazard is something that we take very seriously because it's something that people tend to not think would be that big a deal and I don't mean like sharp edge as like like a knife or something like obviously a knife is very clearly sharp but sometimes it's really just even like a pointed corner on a tool like there could be like a scooping tool that we have to kind of scoop up samples from the moon. And that may have like the edge of it may have like a really pointy corner and. It seems like it's not that big a deal, but there is a like a wild chance that somehow if that you know if you were to drop it in a certain angle or were to slip out of your hand, it could puncture some part of the suit and obviously we have know structural design requirements that we meet for the suit so the suit is made to be very strong and structurally sound but there is there is a chance that slight cuts like that could actually end up creating a leak in your suit and then that could be cat. And so one of the big risks that I think sometimes like a common maybe person doesn't think would be that big of a deal is actually some of those smaller little things that's like oh there's a sharp corner here like is that that really that big of a deal and it's like it actually could end up being a really big deal so we have to monitor those things and make sure that that specific corner even is meeting the kind of the radius requirement you know and it has like a fill on it to some certain some diameter or radius and so that would be only one example of that.",challenges,0.95,challenges,0,challenges
MutaharMehkri,8,"Yes. So. With artem, commercial partnerships and like ambitions for the moon and Mars, what do you see is the biggest opportunities for young engineers in the next five to 10 years?","Yeah I would say some of the biggest opportunities right now, like this is a great time to get involved in the space industry I think you know there there was a period I don't know if you guys you guys might be too young to remember this but when I was young when I was in like middle school and like early high school NASA somewhat got defunded and so like the shuttle program shut down I think I remember around like 201011 there wasn't much happening with NASA and a lot of people got laid off and when I used to say these things like I want to work in NASA and everything a lot of my you know mentors were my elder. would advise me like you know NASA's kind of on the down right now maybe this isn't the best career field and obviously I still pursued it and but conveniently for me when I got out of college like NASA was booming again because of SpaceX because of all of these new space companies that have kind of arose within the recent years, you have blue origin now you have know firefly, you the intuitive machines, a space, you so many of these private companies have kind of blown up and they've taken the privatized aerospace. To like you have I don't know if you guys heard of the news where there was like the Kaie Perry launch into space and like you have private astronaut people willing to now pay like hundreds of thousands sometimes millions of dollars to you know space companies to take them up to space so you might there might be a time where people start actually like the way you buy a flight ticket people start paying for like tickets to go see space and so. I think this is a really good time where the space industry is really booming it's really growing rapidly, there's a lot of excitement about going to the moon there's a lot of excitement about going to Mars and so for're a young engineer right now trying to get into this industry I think number one is a really good time to do it and number two prioritize obviously the basic stuff like math science and all that and try to start working on projects you like real student level projects that you can do with like maybe building sortt of CAD model or building doing some sort of like NSA's modeling and kind of getting involved into how some of these you know systems work and then obviously the last thing always like reach out to people and try to get internships and things like that because there's there's definitely a lot of growth in the field and there's a lot of opportunity for aerospace engineers for systems engineers even mechanical engineers because you know NAS at the end of the day like for any rocket or suit or really anything to. It needs to have all of the disciplines right you need electrical engineer for the wiring and the electrical components, you need so many in avionics to be able to design the computers and the you know the hardware and the the chips and all that you need you know someone who's. You know really good with thermal that understands thermaldynamic of the system of structural engineers that can you know work on the structural design of it, so it's not just aerospace, you can be an electrical engineer, you can be in computer science, you can be in mechanical you can be a lot of different subdislines of engineering and still have plenty of opportunity in this field and so yeah that would be my advice for young engineers.","Q: Yes. So. With artem, commercial partnerships and like ambitions for the moon and Mars, what do you see is the biggest opportunities for young engineers in the next five to 10 years?
A: Yeah I would say some of the biggest opportunities right now, like this is a great time to get involved in the space industry I think you know there there was a period I don't know if you guys you guys might be too young to remember this but when I was young when I was in like middle school and like early high school NASA somewhat got defunded and so like the shuttle program shut down I think I remember around like 201011 there wasn't much happening with NASA and a lot of people got laid off and when I used to say these things like I want to work in NASA and everything a lot of my you know mentors were my elder. would advise me like you know NASA's kind of on the down right now maybe this isn't the best career field and obviously I still pursued it and but conveniently for me when I got out of college like NASA was booming again because of SpaceX because of all of these new space companies that have kind of arose within the recent years, you have blue origin now you have know firefly, you the intuitive machines, a space, you so many of these private companies have kind of blown up and they've taken the privatized aerospace. To like you have I don't know if you guys heard of the news where there was like the Kaie Perry launch into space and like you have private astronaut people willing to now pay like hundreds of thousands sometimes millions of dollars to you know space companies to take them up to space so you might there might be a time where people start actually like the way you buy a flight ticket people start paying for like tickets to go see space and so. I think this is a really good time where the space industry is really booming it's really growing rapidly, there's a lot of excitement about going to the moon there's a lot of excitement about going to Mars and so for're a young engineer right now trying to get into this industry I think number one is a really good time to do it and number two prioritize obviously the basic stuff like math science and all that and try to start working on projects you like real student level projects that you can do with like maybe building sortt of CAD model or building doing some sort of like NSA's modeling and kind of getting involved into how some of these you know systems work and then obviously the last thing always like reach out to people and try to get internships and things like that because there's there's definitely a lot of growth in the field and there's a lot of opportunity for aerospace engineers for systems engineers even mechanical engineers because you know NAS at the end of the day like for any rocket or suit or really anything to. It needs to have all of the disciplines right you need electrical engineer for the wiring and the electrical components, you need so many in avionics to be able to design the computers and the you know the hardware and the the chips and all that you need you know someone who's. You know really good with thermal that understands thermaldynamic of the system of structural engineers that can you know work on the structural design of it, so it's not just aerospace, you can be an electrical engineer, you can be in computer science, you can be in mechanical you can be a lot of different subdislines of engineering and still have plenty of opportunity in this field and so yeah that would be my advice for young engineers.",advice,0.95,advice,0,advice
MutaharMehkri,9,"Yeah, well that's all the questions Thank you yeah, thank you so much, I really appreciate you guys reaching out yeah.",,"Q: Yeah, well that's all the questions Thank you yeah, thank you so much, I really appreciate you guys reaching out yeah.
A: ",advice,0.1,advice,3,advice
NandiniHarinath,1,"Hello everyone, welcome to the fifth episode of the Beyond the Blueprint podcast today we have an aerospace engineer going to give us a little insights about what she does and you know the life day and the life maybe of what an aerospace engineer said David, first question. Yeah, so my first question is what inspired you to become a space scientist, was there something in your childhood or a school that made you interested in space or was it something more general?","So hello everyone and my best wishes to everyone who's listening, I'm Nandni Harath and I work for an Indian Space research organization and I take care of tracking and control of all of India's lower satellites and interplanetary missions. So that's about me, let me first answer David questions yeah, you know as a child. And as a family, we were all very much interested. In space, I remember my father helping me to identify the constellations in the sky when I was a kid, I'm a big fan of Star Trek and those times we had Dr. Spk and Captain Kirk, I don't know if this generation knows them. And I also remember as a kid watching the solar eclipses through a pinhole camera projected on the walls of her house. So there were many incidents and we were generally curious as kids. And my parents were interested in science too, so it was a lot of science at home and in the family.","Q: Hello everyone, welcome to the fifth episode of the Beyond the Blueprint podcast today we have an aerospace engineer going to give us a little insights about what she does and you know the life day and the life maybe of what an aerospace engineer said David, first question. Yeah, so my first question is what inspired you to become a space scientist, was there something in your childhood or a school that made you interested in space or was it something more general?
A: So hello everyone and my best wishes to everyone who's listening, I'm Nandni Harath and I work for an Indian Space research organization and I take care of tracking and control of all of India's lower satellites and interplanetary missions. So that's about me, let me first answer David questions yeah, you know as a child. And as a family, we were all very much interested. In space, I remember my father helping me to identify the constellations in the sky when I was a kid, I'm a big fan of Star Trek and those times we had Dr. Spk and Captain Kirk, I don't know if this generation knows them. And I also remember as a kid watching the solar eclipses through a pinhole camera projected on the walls of her house. So there were many incidents and we were generally curious as kids. And my parents were interested in science too, so it was a lot of science at home and in the family.",career_journey,0.95,,2,career_journey
NandiniHarinath,2,"Yes, thank you. So what was your role in the Mars Orbiter mission and what kind of work did you do for it?","So I was designated as project manager Miss Design and Deputy Ops Director for the Mars Orbiter mission. And so my job started right from the time the project was conceived, you know it started from what kind of satellite do you want to fly, what would be the trajectory to Mars, what kind of orbit will it go in when it is around Mars and I was also in charge of coordinating with all the principal investigators for the payloads, people who developed instruments that would look for signs around Mars, and so my job was to ensure that their requirements were met I just give you an example you know if you're flying in an orbit and for some at some point of time when the satellite would go behind Mars and would be occulted by the sun, it would not get our energy from the sun so what kind of battery would you fly and what geometry would give you a power generation capability to satisfy the requirements of the instruments and the satellites itself, so you know these were the kind of studies that we did in the initial part of the mission but as those the scientists and engineers kept building the satellite our role more came from you know mission designers to planners to people who actually executed the mission so I was in charge of carrying out all the operations on the satellite right from the time it was launched till it reached the mars orbit and it collected data, in fact, till the end of the life of the mission.","Q: Yes, thank you. So what was your role in the Mars Orbiter mission and what kind of work did you do for it?
A: So I was designated as project manager Miss Design and Deputy Ops Director for the Mars Orbiter mission. And so my job started right from the time the project was conceived, you know it started from what kind of satellite do you want to fly, what would be the trajectory to Mars, what kind of orbit will it go in when it is around Mars and I was also in charge of coordinating with all the principal investigators for the payloads, people who developed instruments that would look for signs around Mars, and so my job was to ensure that their requirements were met I just give you an example you know if you're flying in an orbit and for some at some point of time when the satellite would go behind Mars and would be occulted by the sun, it would not get our energy from the sun so what kind of battery would you fly and what geometry would give you a power generation capability to satisfy the requirements of the instruments and the satellites itself, so you know these were the kind of studies that we did in the initial part of the mission but as those the scientists and engineers kept building the satellite our role more came from you know mission designers to planners to people who actually executed the mission so I was in charge of carrying out all the operations on the satellite right from the time it was launched till it reached the mars orbit and it collected data, in fact, till the end of the life of the mission.",projects,0.95,career_journey,2,projects
NandiniHarinath,3,"Those are some interesting works. So my next question is, what does a normal day an IRO look like for you?","Okay, so I am in right now in the heading the mission operations team, so my team and my job is to take care of all the satellites, we are more like you know doctors attending to patients, but in this case the satellites need some kind of house we call it housekeeping, we look at the telemetry and then upload commands for the next day we track the satellite, we determine the orbit of the satellite in on these satellites because of the Earth's gravity and various perturbation forces keep decaying and we need to ensure that they are in their orbital slot. Yeah and once in a way, you know these satellites can also have problems like we humans do, so there could be a failure somewhere, there could be a problem somewhere in the ground segment so we attend to these issues, so basically our job is to keep all the satellites in their place and keep them up and kicking.","Q: Those are some interesting works. So my next question is, what does a normal day an IRO look like for you?
A: Okay, so I am in right now in the heading the mission operations team, so my team and my job is to take care of all the satellites, we are more like you know doctors attending to patients, but in this case the satellites need some kind of house we call it housekeeping, we look at the telemetry and then upload commands for the next day we track the satellite, we determine the orbit of the satellite in on these satellites because of the Earth's gravity and various perturbation forces keep decaying and we need to ensure that they are in their orbital slot. Yeah and once in a way, you know these satellites can also have problems like we humans do, so there could be a failure somewhere, there could be a problem somewhere in the ground segment so we attend to these issues, so basically our job is to keep all the satellites in their place and keep them up and kicking.",daily_work,0.95,daily_work,0,daily_work
NandiniHarinath,4,"Good, thank you. So what were some of the hardest problems you and your team faced during the Mars mission and how did you solve them?","So the Mars mission is challenging, you know, for one reason that we are the satellite is going around the planet and which is distant from the Earth and the farthest it can be is 400 million kilometer. Right, so even with the speed of light, it would take 22 minutes for light to reach the satellite and come back for a signal to reach the satellite and then you take another 22 minutes for us to get the data from the satellite so one of the things as designers we had to do was to ensure that we program everything on the satellite much before we plan for the events to occur nominally ahead of time and then upload it on the satellite and have enough autonomy on the satellite to ensure that it can execute all the events that we want it to do. But then, the problem is the most challenging part is what if something goes wrong on the satellite, how does the satellite take care of itself so all this also had to be pre programmed in the software and the hardware so that the satellite would be able to take care of itself on its own and it all comes in. So this was one of the biggest challenge because of the, we call it the communication delay. And the next thing was, you know, the communication itself. To talk to the satellite which is so far off and then the gamut of radiation between us and the satellite, so you need to have antennas and receivers which are extremely sensitive to pick up that small bit of signal amongst this whole gamut of noise. So the receiver sensitivity, the communication. And then the navigation itself, how do you reach a planet which is so distant away? And ensure that your maneuvers or the trajectory towards the satellite is so precise that you keep determining the position of the satellite at every instant, and you have to make sure that it is on its track. They are very sophisticated methods to do that to develop all those technologies and then to ensure that the satellite gets captured into the Mars orbit, you know it has to leave the Earth orbit and it has to go towards Mars and then it has to do a maneuver to get captured into the Mars orbit so that it goes around Mars. So all these were extremely difficult and challenging and the, I think the most challenging part there was that we were doing it for the first time. So everything that we did was new and we didn't have an experience on that, so to learn and to do it and be executed it perfectly, I think that was more satisfying.","Q: Good, thank you. So what were some of the hardest problems you and your team faced during the Mars mission and how did you solve them?
A: So the Mars mission is challenging, you know, for one reason that we are the satellite is going around the planet and which is distant from the Earth and the farthest it can be is 400 million kilometer. Right, so even with the speed of light, it would take 22 minutes for light to reach the satellite and come back for a signal to reach the satellite and then you take another 22 minutes for us to get the data from the satellite so one of the things as designers we had to do was to ensure that we program everything on the satellite much before we plan for the events to occur nominally ahead of time and then upload it on the satellite and have enough autonomy on the satellite to ensure that it can execute all the events that we want it to do. But then, the problem is the most challenging part is what if something goes wrong on the satellite, how does the satellite take care of itself so all this also had to be pre programmed in the software and the hardware so that the satellite would be able to take care of itself on its own and it all comes in. So this was one of the biggest challenge because of the, we call it the communication delay. And the next thing was, you know, the communication itself. To talk to the satellite which is so far off and then the gamut of radiation between us and the satellite, so you need to have antennas and receivers which are extremely sensitive to pick up that small bit of signal amongst this whole gamut of noise. So the receiver sensitivity, the communication. And then the navigation itself, how do you reach a planet which is so distant away? And ensure that your maneuvers or the trajectory towards the satellite is so precise that you keep determining the position of the satellite at every instant, and you have to make sure that it is on its track. They are very sophisticated methods to do that to develop all those technologies and then to ensure that the satellite gets captured into the Mars orbit, you know it has to leave the Earth orbit and it has to go towards Mars and then it has to do a maneuver to get captured into the Mars orbit so that it goes around Mars. So all these were extremely difficult and challenging and the, I think the most challenging part there was that we were doing it for the first time. So everything that we did was new and we didn't have an experience on that, so to learn and to do it and be executed it perfectly, I think that was more satisfying.",challenges,0.95,,2,challenges
NandiniHarinath,5,I see that was that was really cool I was also on your Wikipedia page earlier and I noticed that you wrote a book about mission planning. Planning how do you start planning something as big as a Mars mission?,"So yeah, so it was a paper and yeah, we've had many papers on the work we do. Published in various journals. And planning is a very key and essential part of our work. And so as a mission planner, you need to take care of every subsystem in the satellite, every part of the satellite, the constraint, the subsystem poses when it's in orbit, you need to take care of those constraints, you need to know how each and every payload is operated, you need to know each how each and every subsystem can be operated. To design it is one part and to know and to plan for its operation is another part. Let me give you an example on the Mars mission. There was a color camera. And the requirement of the color camera was to look at the Mars surface so that it could take pictures. But there was another payload which wanted to look at the limb of the Mars surface, not the center of the Mars, it limb. So there was another payload which wanted to look at the La axis. All of the orbit. So that it could collect enough you know data while it is moving in the velocity direction so each of these instrument posed conflicting requirements so the basically you need to plan out in such a way that you give enough time for each of the instrument and you don't violate any restrictions posed by any of the instruments so this requires a lot of work and lot of coordination between the teams and, of course, you know. Finally, these plans are translated into operations and then we carry out these operations on the mission.","Q: I see that was that was really cool I was also on your Wikipedia page earlier and I noticed that you wrote a book about mission planning. Planning how do you start planning something as big as a Mars mission?
A: So yeah, so it was a paper and yeah, we've had many papers on the work we do. Published in various journals. And planning is a very key and essential part of our work. And so as a mission planner, you need to take care of every subsystem in the satellite, every part of the satellite, the constraint, the subsystem poses when it's in orbit, you need to take care of those constraints, you need to know how each and every payload is operated, you need to know each how each and every subsystem can be operated. To design it is one part and to know and to plan for its operation is another part. Let me give you an example on the Mars mission. There was a color camera. And the requirement of the color camera was to look at the Mars surface so that it could take pictures. But there was another payload which wanted to look at the limb of the Mars surface, not the center of the Mars, it limb. So there was another payload which wanted to look at the La axis. All of the orbit. So that it could collect enough you know data while it is moving in the velocity direction so each of these instrument posed conflicting requirements so the basically you need to plan out in such a way that you give enough time for each of the instrument and you don't violate any restrictions posed by any of the instruments so this requires a lot of work and lot of coordination between the teams and, of course, you know. Finally, these plans are translated into operations and then we carry out these operations on the mission.",projects,0.95,,2,projects
NandiniHarinath,6,Thank you. So I was wondering what school subjects and skills you think is most helpful if someone wants to work in space science or engineering?,"So the advantage I'll tell you with working in space or anything related to space size of that it's multidisciplinary. You could be an engineer building the satellite, you could be a mechanical engineer, electronics engineer, a control systems engineer, or an aerospace engineer, any type of an engineer would actually find a job in an organization that works in space. So it's not just this, you could be interested in astronomy, you could be interested in studying the celestial objects. You could be interested in astrophysics, you know, learning the physics of how the universe was made, learning more about the stars, learning more about our planets and galaxies. You could even be a doctor. Because, you know, now that so many astronauts going to space, there is an entire new brand called space medicine, so you could be a doctor and specialize in space medicine and work with the astronauts. You could be a planetary scientist. And then there's something very, very, very diverse you could be a lawyer and still work in a space organization because nowadays there's something called space policy and law it's a legal body that regulates all aspects of the space exploration So you see it's extremely diverse you could be interested in any of these fields and still work in space.","Q: Thank you. So I was wondering what school subjects and skills you think is most helpful if someone wants to work in space science or engineering?
A: So the advantage I'll tell you with working in space or anything related to space size of that it's multidisciplinary. You could be an engineer building the satellite, you could be a mechanical engineer, electronics engineer, a control systems engineer, or an aerospace engineer, any type of an engineer would actually find a job in an organization that works in space. So it's not just this, you could be interested in astronomy, you could be interested in studying the celestial objects. You could be interested in astrophysics, you know, learning the physics of how the universe was made, learning more about the stars, learning more about our planets and galaxies. You could even be a doctor. Because, you know, now that so many astronauts going to space, there is an entire new brand called space medicine, so you could be a doctor and specialize in space medicine and work with the astronauts. You could be a planetary scientist. And then there's something very, very, very diverse you could be a lawyer and still work in a space organization because nowadays there's something called space policy and law it's a legal body that regulates all aspects of the space exploration So you see it's extremely diverse you could be interested in any of these fields and still work in space.",advice,0.95,,2,advice
NandiniHarinath,7,"So my next question is, the Mars orbiter mission cost much less than other country mission, how does your team keep costs low, but still succeeded?","Okay, so. A lot of it was because the entire satellite was built in house with indigenous technology, we didn't have to buy anything from an organization outside of Israel. So most of the very critical components that we used in the mission was built indigenously and that drastically reduced the cost. And the other aspect was, you know the mission management, the whole planning that I talked about, it was done in such a way so that we could prove ourselves, we could establish the technology, but at the same time, ensure that we kept the costs extremely low. So I think these were two key important factors that helped to bring down the cost.","Q: So my next question is, the Mars orbiter mission cost much less than other country mission, how does your team keep costs low, but still succeeded?
A: Okay, so. A lot of it was because the entire satellite was built in house with indigenous technology, we didn't have to buy anything from an organization outside of Israel. So most of the very critical components that we used in the mission was built indigenously and that drastically reduced the cost. And the other aspect was, you know the mission management, the whole planning that I talked about, it was done in such a way so that we could prove ourselves, we could establish the technology, but at the same time, ensure that we kept the costs extremely low. So I think these were two key important factors that helped to bring down the cost.",projects,0.95,challenges,2,projects
NandiniHarinath,8,"Okay, yeah, so do you work closely with other teams or departments and how important is teamwork at IRO?","Yeah, so you know, like they say, teamwork makes dreams work. Especially the area that I work in, the mission planning and operation, it's always about teamwork. Every person in the team has to play his role to perfect him for a mission to succeed. And as you all know, space is unforgiving, you cannot afford to have a single mistake anywhere in the onboard systems or in the ground systems. Space is zero tolerant to errors. So when you were working in such a situation, you have to ensure that everyone works in a very cohesive way and for that, working as a team is extremely important. And this team is not just a small team, it involves few hundred of hundreds of people. Who design the satellite, people on the ground who are working on antenna and the ground data systems, people who are working on the software, people who are working on the hardware, people who are working on operations. Everyone has to work together cohesively with one single objective and stay aligned with the goal. For the mission to succeed. So especially, I'd reiterate again. If you're working on a satellite or on a space mission. Teamwork is extremely important there is no job that you could do alone and say I can take the credit for this mission there is no such thing at all it's always a teamwork.","Q: Okay, yeah, so do you work closely with other teams or departments and how important is teamwork at IRO?
A: Yeah, so you know, like they say, teamwork makes dreams work. Especially the area that I work in, the mission planning and operation, it's always about teamwork. Every person in the team has to play his role to perfect him for a mission to succeed. And as you all know, space is unforgiving, you cannot afford to have a single mistake anywhere in the onboard systems or in the ground systems. Space is zero tolerant to errors. So when you were working in such a situation, you have to ensure that everyone works in a very cohesive way and for that, working as a team is extremely important. And this team is not just a small team, it involves few hundred of hundreds of people. Who design the satellite, people on the ground who are working on antenna and the ground data systems, people who are working on the software, people who are working on the hardware, people who are working on operations. Everyone has to work together cohesively with one single objective and stay aligned with the goal. For the mission to succeed. So especially, I'd reiterate again. If you're working on a satellite or on a space mission. Teamwork is extremely important there is no job that you could do alone and say I can take the credit for this mission there is no such thing at all it's always a teamwork.",workplace_culture,0.95,workplace_culture,0,workplace_culture
NandiniHarinath,9,"I see my next question, I'm sure a lot of students like us will wonder about it is what advice would you give to high school students who dream of working in space? Especially if they feel unsure or face challenges.","So letting life is all about facing challenges and tackling challenges. And it's also about getting out of the comfort zone, let's say you like a particular subject, but you find it hard. But it's all about, you know. Strengthening the areas where you think you're not very strong, so you need to essentially come out of that comfort zone. And if you wanted to do, I can talk about space sciences. So basically, you need to find avenues where you can gain some experience in the field that you like. And then you develop your technical skills in that particular area. I think for students like you the most important thing is to stay connected stay network and stay informed, you know the technology is changing so fast it's always good to stay informed you know attend conferences listen to podcasts, do whatever you're doing right now I think that's a wonderful idea. And then consider different career path like find out what is going to be the best for you, what is your dream job, and then prepare for the challenges, you know, while you plan for it. I think the most important thing at the end of it all is to stay persistent, sounds cliche, but I think that is the key. To stay, you know perseverance is the key. For any successes, in fact, not only just for students, even for scientists like us we see failures day in and day out, but then to stay persistent and you know. And learn from what from your experiences is and to do things better next time is the key to success.","Q: I see my next question, I'm sure a lot of students like us will wonder about it is what advice would you give to high school students who dream of working in space? Especially if they feel unsure or face challenges.
A: So letting life is all about facing challenges and tackling challenges. And it's also about getting out of the comfort zone, let's say you like a particular subject, but you find it hard. But it's all about, you know. Strengthening the areas where you think you're not very strong, so you need to essentially come out of that comfort zone. And if you wanted to do, I can talk about space sciences. So basically, you need to find avenues where you can gain some experience in the field that you like. And then you develop your technical skills in that particular area. I think for students like you the most important thing is to stay connected stay network and stay informed, you know the technology is changing so fast it's always good to stay informed you know attend conferences listen to podcasts, do whatever you're doing right now I think that's a wonderful idea. And then consider different career path like find out what is going to be the best for you, what is your dream job, and then prepare for the challenges, you know, while you plan for it. I think the most important thing at the end of it all is to stay persistent, sounds cliche, but I think that is the key. To stay, you know perseverance is the key. For any successes, in fact, not only just for students, even for scientists like us we see failures day in and day out, but then to stay persistent and you know. And learn from what from your experiences is and to do things better next time is the key to success.",advice,0.95,advice,0,advice
NandiniHarinath,10,Thank you I think that's a really good advice that we both here and everyone else needs to hear so for our final question what exciting projects or future missions are you working right now or looking forward to?,"Yes, I mean all of you must have read in the papers that India is planning to put a man on man space through any indigenous spacecraft, so we are all working on that, so we hope to see that happens soon, we're going to have a launch of a mission called NiA and I don't know if you all heard about it, so Israel is working with NASA JPL on our collaborative project and we're working together with the JPL team and you'll probably be hearing about the launch and the satellite and operations very soon, I hope that it happens quickly. In the next few months, of course, it still has long term plans, so operating radius sub its maybe the Venus and other missions so we have a couple of missions to the moon. Yeah, the list goes on, so right now it's all about looking forward to the mission with NASA and our human space program where we want to put a man on man in space.","Q: Thank you I think that's a really good advice that we both here and everyone else needs to hear so for our final question what exciting projects or future missions are you working right now or looking forward to?
A: Yes, I mean all of you must have read in the papers that India is planning to put a man on man space through any indigenous spacecraft, so we are all working on that, so we hope to see that happens soon, we're going to have a launch of a mission called NiA and I don't know if you all heard about it, so Israel is working with NASA JPL on our collaborative project and we're working together with the JPL team and you'll probably be hearing about the launch and the satellite and operations very soon, I hope that it happens quickly. In the next few months, of course, it still has long term plans, so operating radius sub its maybe the Venus and other missions so we have a couple of missions to the moon. Yeah, the list goes on, so right now it's all about looking forward to the mission with NASA and our human space program where we want to put a man on man in space.",projects,0.95,,2,projects
NandiniHarinath,11,"Thank you. Thank you for all the valuable insight you just gave us and that was our last question, so I just want to thank you for your time and as we enter here. Yes, and go on your mission.","And then yeah, thank you for having me and I wish you all all the best, and I hope you all reach out to the stars. Thank you.","Q: Thank you. Thank you for all the valuable insight you just gave us and that was our last question, so I just want to thank you for your time and as we enter here. Yes, and go on your mission.
A: And then yeah, thank you for having me and I wish you all all the best, and I hope you all reach out to the stars. Thank you.",advice,0.1,,5,advice
XavierEldridge,1,"Mr. Xavier, can you share your journey and how did you become a makerspace technician?","Okay, well, first off, thank you for having me, excited to be here. I course see how you guys do that. How I started would basically be. Way back in middle school, I got my first introduction to robotics. And I kind of did like a small. Nice competition. After school program in my school. And I kind of carried over to high school and when I got to high school, I joined my high school's first robotics competition team. We had one competition that year we managed to win that one competition to make it all into the world championships. At that moment, I realized that I kind of wanted to do something. In engineering in that kind of space, whether it be kind of like robotics, computer science or engineering. At the time I didn't know exactly. What field it was going to be, I took a class in computer science and I thought that's what I wanted to do so I went to school for computer science over the years I've always stuck with robotics and mentoring high school teams such like that. With my high school team and then started the revised team here at Aududi back in 2016. And I've always kind of had a connection to Audie through the robotics team. Over the years, I gained experience with work. More professionals in the industry or the robotics competition, like engineers with NASA engineers from. like. And Apple and all a different ones working with them and learning. Through all of that networking. Collaboration, I was able to. Get the experience that I have now to become a makespace technician.","Q: Mr. Xavier, can you share your journey and how did you become a makerspace technician?
A: Okay, well, first off, thank you for having me, excited to be here. I course see how you guys do that. How I started would basically be. Way back in middle school, I got my first introduction to robotics. And I kind of did like a small. Nice competition. After school program in my school. And I kind of carried over to high school and when I got to high school, I joined my high school's first robotics competition team. We had one competition that year we managed to win that one competition to make it all into the world championships. At that moment, I realized that I kind of wanted to do something. In engineering in that kind of space, whether it be kind of like robotics, computer science or engineering. At the time I didn't know exactly. What field it was going to be, I took a class in computer science and I thought that's what I wanted to do so I went to school for computer science over the years I've always stuck with robotics and mentoring high school teams such like that. With my high school team and then started the revised team here at Aududi back in 2016. And I've always kind of had a connection to Audie through the robotics team. Over the years, I gained experience with work. More professionals in the industry or the robotics competition, like engineers with NASA engineers from. like. And Apple and all a different ones working with them and learning. Through all of that networking. Collaboration, I was able to. Get the experience that I have now to become a makespace technician.",career_journey,0.95,career_journey,0,career_journey
XavierEldridge,2,"So second question I guess you40 answered but we can get specifically, so were there any projects or mentors early in your career that really shaped your path?","Projects, I would say, was just doing robotics as a high school student kind of. Shaped my career path just because. I liked. Playing with Les growing up, I didn't know to what capacity and I kind of wish to be honest I kind of wish I would have done robotics. as a kid, because I think that would have helped me kind of determine what discipline I wanted to go into because I did computer science, which was the programming aspect and I thought that's what I wanted to do but reality, I do enjoy the programming aspect, I do enjoy programming, but I probably should have got a couple more years on the re to kind of fully learn. What I wanted to do. That's kind of what the project was was kind of what. The. Project that got me into it as far as mentors, I would say it was my robotics team mentors, the first two guys that mentored my high school team, those are the ones that kind of got me into the field and I kind of stuck and then I met a couple other mentors from other robotics teams that kind of also learned from the down. Realistically that's kind of what helped me kind of. Stay into this path and get to this point.","Q: So second question I guess you40 answered but we can get specifically, so were there any projects or mentors early in your career that really shaped your path?
A: Projects, I would say, was just doing robotics as a high school student kind of. Shaped my career path just because. I liked. Playing with Les growing up, I didn't know to what capacity and I kind of wish to be honest I kind of wish I would have done robotics. as a kid, because I think that would have helped me kind of determine what discipline I wanted to go into because I did computer science, which was the programming aspect and I thought that's what I wanted to do but reality, I do enjoy the programming aspect, I do enjoy programming, but I probably should have got a couple more years on the re to kind of fully learn. What I wanted to do. That's kind of what the project was was kind of what. The. Project that got me into it as far as mentors, I would say it was my robotics team mentors, the first two guys that mentored my high school team, those are the ones that kind of got me into the field and I kind of stuck and then I met a couple other mentors from other robotics teams that kind of also learned from the down. Realistically that's kind of what helped me kind of. Stay into this path and get to this point.",career_journey,0.95,,2,career_journey
XavierEldridge,3,So what's your favorite part about working and a hands on a very creative environment like how make a space?,"I would say my favorite part is probably seeing what the students create and just kind of like seeing what they come up with because. I do have a little bit of creativity, I'm not the best but I do I can I like teaching the kids how to use the machines and then kind of seeing what they come up with and that's the cool part is just putting them giving the students the tools and the access to the different machines and then kind of just seeing where their creativity takes things and goes from there so I like watching and seeing what students come up with that's the cool part for me.","Q: So what's your favorite part about working and a hands on a very creative environment like how make a space?
A: I would say my favorite part is probably seeing what the students create and just kind of like seeing what they come up with because. I do have a little bit of creativity, I'm not the best but I do I can I like teaching the kids how to use the machines and then kind of seeing what they come up with and that's the cool part is just putting them giving the students the tools and the access to the different machines and then kind of just seeing where their creativity takes things and goes from there so I like watching and seeing what students come up with that's the cool part for me.",daily_work,0.85,,2,daily_work
XavierEldridge,4,Do you usually guide students in their creative path?,"I try to because at the end of the day, I want the students to. ha like more of an ownership of what they worked on and kind of feel like this is something that they came up with and so what I like to do is I like to partner with the students and they tell me what they want their end goal to be or kind of what they want to learn from it and then we'll work together on the tools and how they can achieve their goal so like for example we had a student last year I wanted to create a surfboard but she didn't know exactly the right tools to do as she thought she could just come in there and just use a table saw and then just kind of stand up down which is true she could have used a table saw. But we have a CNC machine would have made that made the surfboard a lot more of an actual size so she didn't have to spend hours of standinging it down to get the curves and stuff like that and so we taught her how to use a CNC and then she was like well I want to do this with the like maybe paint it or like engrave it and so we were able to kind of show her the tools of what they were capable of doing to kind of let her see how far she could take that.","Q: Do you usually guide students in their creative path?
A: I try to because at the end of the day, I want the students to. ha like more of an ownership of what they worked on and kind of feel like this is something that they came up with and so what I like to do is I like to partner with the students and they tell me what they want their end goal to be or kind of what they want to learn from it and then we'll work together on the tools and how they can achieve their goal so like for example we had a student last year I wanted to create a surfboard but she didn't know exactly the right tools to do as she thought she could just come in there and just use a table saw and then just kind of stand up down which is true she could have used a table saw. But we have a CNC machine would have made that made the surfboard a lot more of an actual size so she didn't have to spend hours of standinging it down to get the curves and stuff like that and so we taught her how to use a CNC and then she was like well I want to do this with the like maybe paint it or like engrave it and so we were able to kind of show her the tools of what they were capable of doing to kind of let her see how far she could take that.",advice,0.9,advice,0,advice
XavierEldridge,5,"So for specifically, I guess role based for makerspace and condition, what is the typical day for you to look like in the maker space?","So a typical day is basically I kind of come in and I kind of make sure, you know I look and see what's on my schedule as far as like what classes are coming in and what machines they need and then my job is to make sure that those machines, Ready to go like they work, they function, make sure we have the material to use them, for example, if we have a class that's going using the laser engraver, make sure the laser is cleaned and ready to go and then make sure that we have whatever materials that they need because I think we don't then I have to go order them depending on if the teachers get us a lot of like a lot of lead time which sometimes they do sometimes they don't they're pretty busy teachers are very busy around here so sometimes if they have lead time I can then go order the stuff so it be. he in time for it other times I might have to just run to like a local home depot or something like that I get materials so yeah that's kind of my job is to make sure the machines are functioning marketing, make sure you have the materials for the classes and then when the class comes in I'll help them out. Whatever materials that they need and such like that.","Q: So for specifically, I guess role based for makerspace and condition, what is the typical day for you to look like in the maker space?
A: So a typical day is basically I kind of come in and I kind of make sure, you know I look and see what's on my schedule as far as like what classes are coming in and what machines they need and then my job is to make sure that those machines, Ready to go like they work, they function, make sure we have the material to use them, for example, if we have a class that's going using the laser engraver, make sure the laser is cleaned and ready to go and then make sure that we have whatever materials that they need because I think we don't then I have to go order them depending on if the teachers get us a lot of like a lot of lead time which sometimes they do sometimes they don't they're pretty busy teachers are very busy around here so sometimes if they have lead time I can then go order the stuff so it be. he in time for it other times I might have to just run to like a local home depot or something like that I get materials so yeah that's kind of my job is to make sure the machines are functioning marketing, make sure you have the materials for the classes and then when the class comes in I'll help them out. Whatever materials that they need and such like that.",daily_work,0.95,,2,daily_work
XavierEldridge,6,"Wait speaking of machines, wait I'm sure you have favorites, but like overall what kind of machines do you like most often maintain or use","so the machines I get the most used are three app printers just because they're a lot easier for students to use and kind of. It's one of those projects where one of the machines where you can start the project and then you can just leave it and then come back and get it in a couple hours, so the3 printers get the most use and then I would say the laser green rig is the second most use is because it's the second easiest machine to use. I personally like using the water jet and the CNC is because it's cool to take like a just make big light. Sheheet of aluminum or wood and just put it into a machine and then it gives you something completely different so those are my favorite machines to use and those are the machines that don't get used. As much, just because of the. Higher level of skill that's required to use those machines and such as like material using the software that is required to use them and stuff like that so but those are my favorite ones, a lot of students prefer they just love the ability to come in and just kind of sit down do whatever need to do Ch 3 to printer and just come back later for.","Q: Wait speaking of machines, wait I'm sure you have favorites, but like overall what kind of machines do you like most often maintain or use
A: so the machines I get the most used are three app printers just because they're a lot easier for students to use and kind of. It's one of those projects where one of the machines where you can start the project and then you can just leave it and then come back and get it in a couple hours, so the3 printers get the most use and then I would say the laser green rig is the second most use is because it's the second easiest machine to use. I personally like using the water jet and the CNC is because it's cool to take like a just make big light. Sheheet of aluminum or wood and just put it into a machine and then it gives you something completely different so those are my favorite machines to use and those are the machines that don't get used. As much, just because of the. Higher level of skill that's required to use those machines and such as like material using the software that is required to use them and stuff like that so but those are my favorite ones, a lot of students prefer they just love the ability to come in and just kind of sit down do whatever need to do Ch 3 to printer and just come back later for.",daily_work,0.85,,2,daily_work
XavierEldridge,7,"Okay, so how would you appear like a student comes into something like a project, how would you like go through and try to help them make that project come to life?","So the best thing I like to do when a student comes in and says they have a project, I like to ask them. What's their timelines or how long do they have to take this project, how far do they want to go with that project like how creative do they want to be with do they want to make it almost like real size or it was make a small scale model of it, do they want to take. Make this project like multiple days or something that has been done very quickly and then so we kind of hash out the details of what this project entails and how far the student wants to go with the project and then once we figure that out, then we determine what machines are best for those projects so if a student wants to do something that's something that they want to basically get it done by into the week we're going to kind of push in the use of 3D printer or a laser engraver based off of what they're trying to make so that way can be done quickly if there's something that's actually a longter project that they want to take more time and work on. Then we'll kind of open up and say, okay, well, let's see if we could use a CNC or the water jet to kind of make it more. I don't want to say realistic because everything in there is kind of real but more robust and more I guess, extravagant for lack of Red word, and so we'll say we'll give them more time just because those machines require a lot more. in the sense of like you have to design the part in a different software, then transfer the part over to the software that needs to be done on the machine, and then you have to go through the process of setting up the machine, buying the machine, having the material and stuff like that versus like with a 3D printer, if you want to just print like a little, Square or boat or something you can just find the file, get the STL file, put into the software and just start to print. So it really depends on their work project, but that's how we go about it, we assess the timeline of when it needs to be done and what material is required.","Q: Okay, so how would you appear like a student comes into something like a project, how would you like go through and try to help them make that project come to life?
A: So the best thing I like to do when a student comes in and says they have a project, I like to ask them. What's their timelines or how long do they have to take this project, how far do they want to go with that project like how creative do they want to be with do they want to make it almost like real size or it was make a small scale model of it, do they want to take. Make this project like multiple days or something that has been done very quickly and then so we kind of hash out the details of what this project entails and how far the student wants to go with the project and then once we figure that out, then we determine what machines are best for those projects so if a student wants to do something that's something that they want to basically get it done by into the week we're going to kind of push in the use of 3D printer or a laser engraver based off of what they're trying to make so that way can be done quickly if there's something that's actually a longter project that they want to take more time and work on. Then we'll kind of open up and say, okay, well, let's see if we could use a CNC or the water jet to kind of make it more. I don't want to say realistic because everything in there is kind of real but more robust and more I guess, extravagant for lack of Red word, and so we'll say we'll give them more time just because those machines require a lot more. in the sense of like you have to design the part in a different software, then transfer the part over to the software that needs to be done on the machine, and then you have to go through the process of setting up the machine, buying the machine, having the material and stuff like that versus like with a 3D printer, if you want to just print like a little, Square or boat or something you can just find the file, get the STL file, put into the software and just start to print. So it really depends on their work project, but that's how we go about it, we assess the timeline of when it needs to be done and what material is required.",projects,0.95,,2,projects
XavierEldridge,8,What safety protocols are like very common mistakes. Do you see in people who. Are new to all the equipment and robot robot.,"I mean the most safety concerns that we haven't had any safety incidents so far, not going to look and to keep it that way, but the most safety possible things is just students are going to wear safety glasses or like not tying back their hair or wearing like long sleeve clothing and stuff like that stuff can get caught in machines and those are usually pretty easy to catch just from students just because as the Make space technician my job is to see how things going to be used so I can catch something before it happens, those are the most common one. that we see because a lot of these students haven't been around machines of this size or machines of this caliber before and so it's really hard for them to just like they can see it from the outside there don't be safety glasses if we see it outside but when they're in that room it's just a common thing of like you to put on safety glasses when you do this just to make sure they're safe so that's the most common thing that I can say it happens but usually we're very on top of it and we haven't had any incidents so we want to keep it that way and.","Q: What safety protocols are like very common mistakes. Do you see in people who. Are new to all the equipment and robot robot.
A: I mean the most safety concerns that we haven't had any safety incidents so far, not going to look and to keep it that way, but the most safety possible things is just students are going to wear safety glasses or like not tying back their hair or wearing like long sleeve clothing and stuff like that stuff can get caught in machines and those are usually pretty easy to catch just from students just because as the Make space technician my job is to see how things going to be used so I can catch something before it happens, those are the most common one. that we see because a lot of these students haven't been around machines of this size or machines of this caliber before and so it's really hard for them to just like they can see it from the outside there don't be safety glasses if we see it outside but when they're in that room it's just a common thing of like you to put on safety glasses when you do this just to make sure they're safe so that's the most common thing that I can say it happens but usually we're very on top of it and we haven't had any incidents so we want to keep it that way and.",challenges,0.9,,2,challenges
XavierEldridge,9,"Okay, so whilst probably one of the most coolest projects you've helped to student work.","Coolest projects we've helped a student work on. That's a tough one because you've had so many projects and I've only really been here for like two years. I would say the coolest project is probably we have to build a stage, a puppet stage for. It was like a Spanish heritage Mon kind of thing, or actually it might have been for a history project, it was for a history project and these students decided they wanted to build almost like,3 foot four foot stage out of wood and so we got to use the table saw the mire saw and the CNC and kind of working with the Ki of all three machine so it was like a pretty big woodworking project and having them build that and then on top of that having them build like the curtain and having a system to pull the curtain back and forth and then making the machine making the thing stand up on its own so it was a lot of, Detailed work that they got to kind of learn and create and a lot of it was the students doing on their own I was just kind of there just making sure. They did everything incorrectly, but that was probably the coolest project I got to work on just because of how we had to use all the different machines and the kids got trained on all different machines and how it came together and it was a very quickly built project because most times those projects of that size usually take about two degree weeks to do this one took about a week and a half just because they came in and they were pretty good at learning and listening. thinks quickly and stuff like that that's.","Q: Okay, so whilst probably one of the most coolest projects you've helped to student work.
A: Coolest projects we've helped a student work on. That's a tough one because you've had so many projects and I've only really been here for like two years. I would say the coolest project is probably we have to build a stage, a puppet stage for. It was like a Spanish heritage Mon kind of thing, or actually it might have been for a history project, it was for a history project and these students decided they wanted to build almost like,3 foot four foot stage out of wood and so we got to use the table saw the mire saw and the CNC and kind of working with the Ki of all three machine so it was like a pretty big woodworking project and having them build that and then on top of that having them build like the curtain and having a system to pull the curtain back and forth and then making the machine making the thing stand up on its own so it was a lot of, Detailed work that they got to kind of learn and create and a lot of it was the students doing on their own I was just kind of there just making sure. They did everything incorrectly, but that was probably the coolest project I got to work on just because of how we had to use all the different machines and the kids got trained on all different machines and how it came together and it was a very quickly built project because most times those projects of that size usually take about two degree weeks to do this one took about a week and a half just because they came in and they were pretty good at learning and listening. thinks quickly and stuff like that that's.",projects,0.95,,2,projects
XavierEldridge,10,How do you handle the troubleshooting when a machine breaks or malfunctions?,"That's a good question we've had a couple machines break or or we haven't had any malfunction yet but we've had a couple machines break unfortunately when a machine breaks is one of those things where you just kind of tell everyone unfortunately you can't use the machine right now we've gotta wait to fix it the quickest thing is basically I either will order a part to fix it or if you have a part on hand I can fix it we just replace it and the machine will kind of be down just for a day the longest machine was down was probably. The water jet, I think the water jet was down for two months because its one of those machines that you can't just let it sit there for a long time and not work. Which reminds you you probably shouldn't run it right now just to make sure that doesn't happen, but it's one of the machines if you let it sit there for too long, it will kind of, It'll like thebraive will kind of clog up into the line and that's what the braceive was like a sand that you use to cut through the metal and if you let it clog up there's no real easy way to unclog it without having to like almost take the machine apart and so the braceive clogged up and then it kind of backed up into a I don't know exactly the part that I backed up into but basically had to order apart to be repaired and so we found out that it was broken and like, round November, October, and then we called in a technician to come fix it once I wasn't able to fix it. He was supposed to come in in January, but then he got sick. It was to come in and fit around the end of January, but then we have the snow days so that kind of pushed it out even more. And in February, it supposed to come in and then. He came in right before winter break in February and so that machine was down for about three months and a student needed to use it to make a stencil for the band and so unfortunately we had to tell her we can't do it right now, we offered to use the CNC but the CNC hadn't been calibrated to cut metal yet and so. We offered to do it, but she said it wasn't a huge project that they be done and she rather she wanted to use a water jet so it was one of the first projects that we got to do in her watch jet so we kind of wanted to allow her to go through that experience. So yeah, we unfortunately that was as long been down and when those things happened we try to find an alternative like we could use a CNC to cut the middle, but if it's not a time sensitive task, we will kind of just tell the students hey this. Machine is down. You just get to fix it and then can you come back later, but it there's a time since we'll find a different. To makes it.","Q: How do you handle the troubleshooting when a machine breaks or malfunctions?
A: That's a good question we've had a couple machines break or or we haven't had any malfunction yet but we've had a couple machines break unfortunately when a machine breaks is one of those things where you just kind of tell everyone unfortunately you can't use the machine right now we've gotta wait to fix it the quickest thing is basically I either will order a part to fix it or if you have a part on hand I can fix it we just replace it and the machine will kind of be down just for a day the longest machine was down was probably. The water jet, I think the water jet was down for two months because its one of those machines that you can't just let it sit there for a long time and not work. Which reminds you you probably shouldn't run it right now just to make sure that doesn't happen, but it's one of the machines if you let it sit there for too long, it will kind of, It'll like thebraive will kind of clog up into the line and that's what the braceive was like a sand that you use to cut through the metal and if you let it clog up there's no real easy way to unclog it without having to like almost take the machine apart and so the braceive clogged up and then it kind of backed up into a I don't know exactly the part that I backed up into but basically had to order apart to be repaired and so we found out that it was broken and like, round November, October, and then we called in a technician to come fix it once I wasn't able to fix it. He was supposed to come in in January, but then he got sick. It was to come in and fit around the end of January, but then we have the snow days so that kind of pushed it out even more. And in February, it supposed to come in and then. He came in right before winter break in February and so that machine was down for about three months and a student needed to use it to make a stencil for the band and so unfortunately we had to tell her we can't do it right now, we offered to use the CNC but the CNC hadn't been calibrated to cut metal yet and so. We offered to do it, but she said it wasn't a huge project that they be done and she rather she wanted to use a water jet so it was one of the first projects that we got to do in her watch jet so we kind of wanted to allow her to go through that experience. So yeah, we unfortunately that was as long been down and when those things happened we try to find an alternative like we could use a CNC to cut the middle, but if it's not a time sensitive task, we will kind of just tell the students hey this. Machine is down. You just get to fix it and then can you come back later, but it there's a time since we'll find a different. To makes it.",challenges,0.95,,2,challenges
XavierEldridge,11,"Okay, these sort of questions are for like someone else like to learn something that can. So what type of skills or certifications have the most useful. I've been a maker basic issue.","So skills as a makespace technician, I think a lot of people. Don't realize that you need to kind of also still need to interact with students and teachers and work with them and like that so I would say having good social skills helps with that certifications, just kind of knowing there's not really specifically technical certifications that you need because none these machines require a certifications to run them they just require you to go through the training that most companies will just kind of give you when you purchase the machine so there's no specific certifications or. Skill set that you need, but I would say you want to have a good social skills so you can interact and teach people, especially because. If you know how to use a machine, you want someone else to know how to use it, you need to be able to teach that person how to use it as well so that way they can use it and it's not just you. Always doing the work for someone because you don't want the make to turn into just like a sweat shop or like a workshop where you're just making projects for people and no one's coming in there and learning how to use machines so social skills belong so you can teach people. Basically time management as well, just because you want to be able to manage all the different projects that have to happen so that way no one's project gets kind of put off to the side and doesn't get finished and then also just basically knowing how to manage inventory so you know what you can do and what you can't do so that way you can tell people hey, this project is going to take X amount of days so that way based off of what you have and what's kind of in going on, I guess the proper term is project management. Project managing, so that way you know. How what projects are in the queue what's happening and how to better utilize the space and then also just making sure. You know how to. Interact with all kinds of students because some students are very shy and don't know how to they're not open to learning those things because they're kind of intimidated and other students are just like I think I know everything even though they actually don't and so it's kind of like knowing how to gauge that and read the students and a lot of the best kind of a lot of the cool days is when you have students come in and they're like they're super scared of a machine they don't want to work on it and when you're teaching them how to use it then they realize oh, this is not as bad as I thought it was and then you can kind of see that they're kind of excited. They learned it and so those are a lot of things so like I would just say, you know, it's a lot it's not a. Dead set skill to go by. I would say, just have. I had an knack for wanting to learn how to use machines and learn. How. Things work and how to be willing to build things and have that excitement for that see so it has more of a teacher element Yes it's a little bit more of a teacher element than people realize like I don't teach classes I have a revised elective that I teach but that's not tied to the makerspace and so. It's more of you want to be able to teach people how to use machines so that way they can get the use out of it because like I said, I can just go and use machines all day, I can get like a work log of any X amount of things done for these projects and I can just work in there and do that all day, but that's not what the makerspace is for the makespace is for students to kind of get in there and learn things so part of my job is making sure I can teach students how to use a different machines so that way they can come in there.","Q: Okay, these sort of questions are for like someone else like to learn something that can. So what type of skills or certifications have the most useful. I've been a maker basic issue.
A: So skills as a makespace technician, I think a lot of people. Don't realize that you need to kind of also still need to interact with students and teachers and work with them and like that so I would say having good social skills helps with that certifications, just kind of knowing there's not really specifically technical certifications that you need because none these machines require a certifications to run them they just require you to go through the training that most companies will just kind of give you when you purchase the machine so there's no specific certifications or. Skill set that you need, but I would say you want to have a good social skills so you can interact and teach people, especially because. If you know how to use a machine, you want someone else to know how to use it, you need to be able to teach that person how to use it as well so that way they can use it and it's not just you. Always doing the work for someone because you don't want the make to turn into just like a sweat shop or like a workshop where you're just making projects for people and no one's coming in there and learning how to use machines so social skills belong so you can teach people. Basically time management as well, just because you want to be able to manage all the different projects that have to happen so that way no one's project gets kind of put off to the side and doesn't get finished and then also just basically knowing how to manage inventory so you know what you can do and what you can't do so that way you can tell people hey, this project is going to take X amount of days so that way based off of what you have and what's kind of in going on, I guess the proper term is project management. Project managing, so that way you know. How what projects are in the queue what's happening and how to better utilize the space and then also just making sure. You know how to. Interact with all kinds of students because some students are very shy and don't know how to they're not open to learning those things because they're kind of intimidated and other students are just like I think I know everything even though they actually don't and so it's kind of like knowing how to gauge that and read the students and a lot of the best kind of a lot of the cool days is when you have students come in and they're like they're super scared of a machine they don't want to work on it and when you're teaching them how to use it then they realize oh, this is not as bad as I thought it was and then you can kind of see that they're kind of excited. They learned it and so those are a lot of things so like I would just say, you know, it's a lot it's not a. Dead set skill to go by. I would say, just have. I had an knack for wanting to learn how to use machines and learn. How. Things work and how to be willing to build things and have that excitement for that see so it has more of a teacher element Yes it's a little bit more of a teacher element than people realize like I don't teach classes I have a revised elective that I teach but that's not tied to the makerspace and so. It's more of you want to be able to teach people how to use machines so that way they can get the use out of it because like I said, I can just go and use machines all day, I can get like a work log of any X amount of things done for these projects and I can just work in there and do that all day, but that's not what the makerspace is for the makespace is for students to kind of get in there and learn things so part of my job is making sure I can teach students how to use a different machines so that way they can come in there.",advice,0.95,advice,0,advice
XavierEldridge,12,"So if someone wants to follow your group at, what would you recommend them to?","What would you just basically recommend I would say if someone wanted to follow my career path, I would say focus on engineering, it doesn't have to be civil, it doesn't have to be petroleum, it doesn't just focus on an engineering path because at some point in time you will get to learn how to do those things, I didn't go that route but now that I'm in this role. I feel like knowing engineering, having an engineering background, I have engineering experience, not enough to say I have a bachelor's degree in engineering, but I have engineering experience and that really has helped me and if I would have had more of it let's I went to school for mechanical engineering or something like that, I would have, I would have a better, I would be able to help the students better than I current. I to because there are a lot of times when students want to designs of they or build something. My lack of engineering experience or education can't fully help them fulfill their goal or the full potential, but the engineering experience that I have can get them like 60, 70%, even 80% of the way there and that sometimes is good enough because a lot of the kids just need that extra push and they can kind of finish the last 10 to 20 but if they if someone wanted to be aspace makespace technician I would say, Educate engineering pathway is the best way to go so you can learn how to use these machines to the full potential and kind of learn how to. Use them for projects that may or may not people might not know because there a lot of times kids coming up with projects that they want to do and it's always easy to just have them go to a3D printer and just say3D print what you need to print the blah blah blah and go from there but if you have an engineering background you can say okay well you can 3D print this but it'll be a lot cooler if you. With these machines or designed it this kind of way so engineering background for sure and then a little bit of education as well just so you know how to interact with students and how to. act with teachers because a lot of these teachers don't know how to use these machines and it's not like a negative thing it's just a lot of the adults didn't get the luxury of growing up with these machines and learning how to use machines when they went to school so. They don't know how the machines can help. Enhance their classes and things like that. they want to, they want to come in there and learn it, but it's so hard to come in there and say I have this project. But I want to use the megaspace, but I don't know what tools can help. How it can connect it that way so having a little bit of background in education can kind of help you understand how teachers think about projects and how students think about projects so that way you can kind of help students and teachers with their projects in the makerspace and then I guess the last thing would be like. Learning, I guess, well, there's not really a career path in project management, but like learning project management skills just so you can help manage and run a makerspace because it's almost like a business and almost like. A company because you want to make sure everyone's projects get out in time because teachers have deadlines for lesson plans and you don't want to hold anyone up on that and students have deadlines getting grades and projects turned in so't you want to make sure that they can get that stuff done.","Q: So if someone wants to follow your group at, what would you recommend them to?
A: What would you just basically recommend I would say if someone wanted to follow my career path, I would say focus on engineering, it doesn't have to be civil, it doesn't have to be petroleum, it doesn't just focus on an engineering path because at some point in time you will get to learn how to do those things, I didn't go that route but now that I'm in this role. I feel like knowing engineering, having an engineering background, I have engineering experience, not enough to say I have a bachelor's degree in engineering, but I have engineering experience and that really has helped me and if I would have had more of it let's I went to school for mechanical engineering or something like that, I would have, I would have a better, I would be able to help the students better than I current. I to because there are a lot of times when students want to designs of they or build something. My lack of engineering experience or education can't fully help them fulfill their goal or the full potential, but the engineering experience that I have can get them like 60, 70%, even 80% of the way there and that sometimes is good enough because a lot of the kids just need that extra push and they can kind of finish the last 10 to 20 but if they if someone wanted to be aspace makespace technician I would say, Educate engineering pathway is the best way to go so you can learn how to use these machines to the full potential and kind of learn how to. Use them for projects that may or may not people might not know because there a lot of times kids coming up with projects that they want to do and it's always easy to just have them go to a3D printer and just say3D print what you need to print the blah blah blah and go from there but if you have an engineering background you can say okay well you can 3D print this but it'll be a lot cooler if you. With these machines or designed it this kind of way so engineering background for sure and then a little bit of education as well just so you know how to interact with students and how to. act with teachers because a lot of these teachers don't know how to use these machines and it's not like a negative thing it's just a lot of the adults didn't get the luxury of growing up with these machines and learning how to use machines when they went to school so. They don't know how the machines can help. Enhance their classes and things like that. they want to, they want to come in there and learn it, but it's so hard to come in there and say I have this project. But I want to use the megaspace, but I don't know what tools can help. How it can connect it that way so having a little bit of background in education can kind of help you understand how teachers think about projects and how students think about projects so that way you can kind of help students and teachers with their projects in the makerspace and then I guess the last thing would be like. Learning, I guess, well, there's not really a career path in project management, but like learning project management skills just so you can help manage and run a makerspace because it's almost like a business and almost like. A company because you want to make sure everyone's projects get out in time because teachers have deadlines for lesson plans and you don't want to hold anyone up on that and students have deadlines getting grades and projects turned in so't you want to make sure that they can get that stuff done.",advice,0.95,,2,advice
XavierEldridge,13,"Okay, thank you.",thank you guys for having me it's been fun and good luck on your podcast thank you you.,"Q: Okay, thank you.
A: thank you guys for having me it's been fun and good luck on your podcast thank you you.",advice,0.1,,5,advice
NancyLi,1,so i just want to start off at the very beginning honestly when you were the age of our listeners did you picture yourself becoming an engineer what were you into back then,not really i didn't picture myself as an engineer um i would say i don't have any relative who works as an engineer so at that time i was thinking maybe i will be a teacher or maybe a doctor so I never thought about it when I was in high school.,"Q: so i just want to start off at the very beginning honestly when you were the age of our listeners did you picture yourself becoming an engineer what were you into back then
A: not really i didn't picture myself as an engineer um i would say i don't have any relative who works as an engineer so at that time i was thinking maybe i will be a teacher or maybe a doctor so I never thought about it when I was in high school.",career_journey,0.95,,0,
NancyLi,2,"That's really cool. So you studied mechanical engineering and ended up working on pipelines. For students who's never thought about that field, what does the work actually involve?","Yeah, I got my master's degree in mechanical engineering but in the oil and gas industry and also in pipeline engineering industry, I would say there are professionals from different backgrounds. For example, civil engineering, chemical engineering, petroleum engineering, and some other people from different backgrounds. They are all working in the same field. And what we do, for example, for pipeline, we started from design and also installation. and for my current work, it involves in integrity and maintenance of the pipeline.","Q: That's really cool. So you studied mechanical engineering and ended up working on pipelines. For students who's never thought about that field, what does the work actually involve?
A: Yeah, I got my master's degree in mechanical engineering but in the oil and gas industry and also in pipeline engineering industry, I would say there are professionals from different backgrounds. For example, civil engineering, chemical engineering, petroleum engineering, and some other people from different backgrounds. They are all working in the same field. And what we do, for example, for pipeline, we started from design and also installation. and for my current work, it involves in integrity and maintenance of the pipeline.",daily_work,0.95,,0,
NancyLi,3,"Okay. My question is, what first made engineering click for you as something you wanted to do?","I would say the first click maybe when I was in the college college and we had a school project, a course project, and we assembled a TV. It's not only the TV parts, but also we started to soldering all the electronic parts in the circuit board. I guess that's the first time I think, oh, this is interesting because kind of we start from the scratch. Also, of course, we have some design, you know, paper and drawings we need to follow. But at the same time, we need to do the troubleshooting. If it didn't show up as expected, what we should do, what we can correct. So maybe I think that's my first time to see, oh, this is interesting. I can bring my knowledge into the real world. Yeah.","Q: Okay. My question is, what first made engineering click for you as something you wanted to do?
A: I would say the first click maybe when I was in the college college and we had a school project, a course project, and we assembled a TV. It's not only the TV parts, but also we started to soldering all the electronic parts in the circuit board. I guess that's the first time I think, oh, this is interesting because kind of we start from the scratch. Also, of course, we have some design, you know, paper and drawings we need to follow. But at the same time, we need to do the troubleshooting. If it didn't show up as expected, what we should do, what we can correct. So maybe I think that's my first time to see, oh, this is interesting. I can bring my knowledge into the real world. Yeah.",career_journey,0.95,,0,
NancyLi,4,"Okay, so you believe that hands-on work specifically is a huge motivator in your career?","Yes, yes, for me, that's true.","Q: Okay, so you believe that hands-on work specifically is a huge motivator in your career?
A: Yes, yes, for me, that's true.",career_journey,0.9,,0,
NancyLi,5,"Okay, so a lot of students think engineering is mostly math and solving problems on paper. So could you just walk us through what a real day at work is for you?","For me it not only math and solving problems I would say also it involves a lot of reading You need to understand all the industrial standards policies You need to follow them to make sure the project is safe and it's safe for all the employees and for people who will use the pipeline in the future. And also I would say there are a lot of communication work because I need to work with people from other departments and also even people from the other companies. We need to know what's the project we are going to do to understand others' expectation. So it's not only for math solving problem, but a lot of teamwork.","Q: Okay, so a lot of students think engineering is mostly math and solving problems on paper. So could you just walk us through what a real day at work is for you?
A: For me it not only math and solving problems I would say also it involves a lot of reading You need to understand all the industrial standards policies You need to follow them to make sure the project is safe and it's safe for all the employees and for people who will use the pipeline in the future. And also I would say there are a lot of communication work because I need to work with people from other departments and also even people from the other companies. We need to know what's the project we are going to do to understand others' expectation. So it's not only for math solving problem, but a lot of teamwork.",daily_work,0.95,,0,
NancyLi,6,"That's cool. My question is, what is a project you've worked on that you're proud of? and why did it matter to you?","I think it's hard to say, okay, which project? I would say some projects, sometimes at the beginning, you may have, people may have a thought for it. There are some numbers like what size of pipe, what's the length. That's really started from a very general idea of the project. And later you see people, okay, we started to work on it, to build model on the computer and have drawings on paper. And later you see the project got into construction and installation. So I think you see it happen in the real world and start to run. I think that's the part that makes me feel, oh, it's part of, to be part of the project. Yeah.","Q: That's cool. My question is, what is a project you've worked on that you're proud of? and why did it matter to you?
A: I think it's hard to say, okay, which project? I would say some projects, sometimes at the beginning, you may have, people may have a thought for it. There are some numbers like what size of pipe, what's the length. That's really started from a very general idea of the project. And later you see people, okay, we started to work on it, to build model on the computer and have drawings on paper. And later you see the project got into construction and installation. So I think you see it happen in the real world and start to run. I think that's the part that makes me feel, oh, it's part of, to be part of the project. Yeah.",projects,0.95,,0,
NancyLi,7,So like the process from building from grounds up to a complete finish is very satisfying in the end?,Yes.,"Q: So like the process from building from grounds up to a complete finish is very satisfying in the end?
A: Yes.",projects,0.6,,0,
NancyLi,8,So engineering involves a lot of things going wrong before they go right. So can you please share a time something didn't work out and what you learned from it?,"I would say it depends on the work we do. Sometimes we don't allow, you know, everything should be good because it's like the safety, it matters. That's the most important thing we want to like make it correct. So, but also I remember it's not something wrong, but something maybe not very good at beginning, you need to improve it. For example, before I worked in a company and we did analysis to install the offshore pipeline and during the project you need to consider a lot of environmental influence. For example, for offshore engineering you need to understand what's the current, the wave, the wind, all these things, it will affect the project, how it goes. So sometimes, of course, we simulated everything in a software, but it's very conservative. Like there is a project and we do all the analysis and found it may not work under this environment, what we could do. Then we need to use a lot of engineering sense. We know the project we know the environment and we also know the vessel how to install it So in this way sometimes it doesn work but we need to find a less conservative way to do all the calculations analysis to improve it So I think that's something like, it may not work at the beginning, but I think I learned from all this experience experience that it's not only for the software, what you get, but also you need to think, okay, why it doesn't work, how to improve it to make it work as an engineer.","Q: So engineering involves a lot of things going wrong before they go right. So can you please share a time something didn't work out and what you learned from it?
A: I would say it depends on the work we do. Sometimes we don't allow, you know, everything should be good because it's like the safety, it matters. That's the most important thing we want to like make it correct. So, but also I remember it's not something wrong, but something maybe not very good at beginning, you need to improve it. For example, before I worked in a company and we did analysis to install the offshore pipeline and during the project you need to consider a lot of environmental influence. For example, for offshore engineering you need to understand what's the current, the wave, the wind, all these things, it will affect the project, how it goes. So sometimes, of course, we simulated everything in a software, but it's very conservative. Like there is a project and we do all the analysis and found it may not work under this environment, what we could do. Then we need to use a lot of engineering sense. We know the project we know the environment and we also know the vessel how to install it So in this way sometimes it doesn work but we need to find a less conservative way to do all the calculations analysis to improve it So I think that's something like, it may not work at the beginning, but I think I learned from all this experience experience that it's not only for the software, what you get, but also you need to think, okay, why it doesn't work, how to improve it to make it work as an engineer.",challenges,0.95,,0,
NancyLi,9,What part of your job would surprise students who imagine engineers just sit at a desk during calculations? doing calculations,I think as I mentioned before you need to work with different people so it's not only about calculations it's all about the teamwork with people working together to get something done so it's not only calculations but also a lot of other skills you need to work to uh i think also important an important thing is that uh to be ready to learn new skills,"Q: What part of your job would surprise students who imagine engineers just sit at a desk during calculations? doing calculations
A: I think as I mentioned before you need to work with different people so it's not only about calculations it's all about the teamwork with people working together to get something done so it's not only calculations but also a lot of other skills you need to work to uh i think also important an important thing is that uh to be ready to learn new skills",workplace_culture,0.9,,0,
NancyLi,10,yeah so you think like skills like teamwork and communication are they like really are they like really important in your line of work as to like you know the overall success,yes,"Q: yeah so you think like skills like teamwork and communication are they like really are they like really important in your line of work as to like you know the overall success
A: yes",workplace_culture,0.9,,0,
NancyLi,11,okay good i see i see there's a lot of value on communication and teamwork for engineering so that's good to know that we need to be able to talk well with other people if you want to get a project done so my question is for a student who's interested in engineering but isn't sure they're smart enough for it what would you tell them,"I would say when I was a high school student, I also think, oh, my math and my physics may not be good enough. So that's also why at the beginning I didn't think about, OK, I will become an engineer in the future. But I would say like there's always something which seems to be very difficult. but that's why it is also valuable for the job. So I feel like as long as you have the ability and the willing to learn something new and try to solve problem and then you can try to be an engineer. Yeah.","Q: okay good i see i see there's a lot of value on communication and teamwork for engineering so that's good to know that we need to be able to talk well with other people if you want to get a project done so my question is for a student who's interested in engineering but isn't sure they're smart enough for it what would you tell them
A: I would say when I was a high school student, I also think, oh, my math and my physics may not be good enough. So that's also why at the beginning I didn't think about, OK, I will become an engineer in the future. But I would say like there's always something which seems to be very difficult. but that's why it is also valuable for the job. So I feel like as long as you have the ability and the willing to learn something new and try to solve problem and then you can try to be an engineer. Yeah.",advice,0.95,,0,
NancyLi,12,"My question is looking back, is there anything you wish you'd known or done differently when you were starting out? Like maybe any mistakes like when you were in school?","I would say if I, for example, in school, I hoped I could learn, you know, because I I focused on mechanical engineering. If I have another opportunity, maybe I will try, you know, courses from different engineering disciplines I think it will help to broad my like to know it better how the all the projects works Yeah.","Q: My question is looking back, is there anything you wish you'd known or done differently when you were starting out? Like maybe any mistakes like when you were in school?
A: I would say if I, for example, in school, I hoped I could learn, you know, because I I focused on mechanical engineering. If I have another opportunity, maybe I will try, you know, courses from different engineering disciplines I think it will help to broad my like to know it better how the all the projects works Yeah.",advice,0.95,,0,
NancyLi,13,"I'm actually curious about this because in my knowledge, mechanical engineering is like one of the most diverse, or like one of the most broad topic in engineering that you can take. So yeah, what's your view on this?","Mechanical engineering, I think, yeah, it has different areas. Like for example, even when I was in my graduate study, I also learned something about the HVAC system. Yeah, it's very broad, but when I started to work, when you get into a field, you feel like something you learned before may not be directly to apply to what you are doing right now. But I feel like if you get all the ability to learning and you have the confidence to overcome some difficulties, then, yeah, it will help a lot.","Q: I'm actually curious about this because in my knowledge, mechanical engineering is like one of the most diverse, or like one of the most broad topic in engineering that you can take. So yeah, what's your view on this?
A: Mechanical engineering, I think, yeah, it has different areas. Like for example, even when I was in my graduate study, I also learned something about the HVAC system. Yeah, it's very broad, but when I started to work, when you get into a field, you feel like something you learned before may not be directly to apply to what you are doing right now. But I feel like if you get all the ability to learning and you have the confidence to overcome some difficulties, then, yeah, it will help a lot.",advice,0.8,,0,
NancyLi,14,"Thank you. You've mentioned communication a lot, but is there any other skill or habit that's not necessarily a technical one that's helped you most in your career?","I guess maybe when you are struggling with something, you need to, I feel like there will always be something maybe you cannot solve. Or maybe it's a challenge for you. Then you have the willing, like the confidence to make through it i think that's also an important uh like aspect that you should uh there's always something like it's difficult to complete but you you are willing to finish it you hope to do it well yeah","Q: Thank you. You've mentioned communication a lot, but is there any other skill or habit that's not necessarily a technical one that's helped you most in your career?
A: I guess maybe when you are struggling with something, you need to, I feel like there will always be something maybe you cannot solve. Or maybe it's a challenge for you. Then you have the willing, like the confidence to make through it i think that's also an important uh like aspect that you should uh there's always something like it's difficult to complete but you you are willing to finish it you hope to do it well yeah",advice,0.9,,0,
NancyLi,15,yeah thank you that's very informational yeah i want to ask what do you find is the most enjoyable part of your job?,"The most enjoyable part of my job? I think maybe we have some routine work every day, but there is also something like very different topics almost every day. Like for my job, sometimes we receive requests from different departments. maybe something I don't know before but I started to learn to help to solve it and there's also something new ahead of you so that's also I think that's the part I enjoy","Q: yeah thank you that's very informational yeah i want to ask what do you find is the most enjoyable part of your job?
A: The most enjoyable part of my job? I think maybe we have some routine work every day, but there is also something like very different topics almost every day. Like for my job, sometimes we receive requests from different departments. maybe something I don't know before but I started to learn to help to solve it and there's also something new ahead of you so that's also I think that's the part I enjoy",daily_work,0.75,,0,
